-14.5 , -3.71626 , 3.74292
-14.5 , -3.52501 , 3.73481
-14.5 , -3.33376 , 3.72712
-14.5 , -3.14251 , 3.71983
-14.5 , -2.95126 , 3.71295
-14.5 , -2.76001 , 3.70648
-14.5 , -2.56876 , 3.70044
-14.5 , -2.37751 , 3.69482
-14.5 , -2.18626 , 3.68962
-14.5 , -1.99501 , 3.68484
-14.5 , -1.80376 , 3.6805
-14.5 , -1.61251 , 3.67659
-14.5 , -1.42126 , 3.67311
-14.5 , -1.23001 , 3.67006
-14.5 , -1.03876 , 3.66745
-14.5 , -0.847507 , 3.66528
-14.5 , -0.656258 , 3.66355
-14.5 , -0.465008 , 3.66226
-14.5 , -0.273758 , 3.6614
-14.5 , -0.0825081 , 3.66099
-14.5 , 0.108742 , 3.66102
-14.5 , 0.299992 , 3.6615
-14.5 , 0.491241 , 3.66241
-14.5 , 0.682491 , 3.66376
-14.5 , 0.873741 , 3.66555
-14.5 , 1.06499 , 3.66778
-14.5 , 1.25624 , 3.67045
-14.5 , 1.44749 , 3.67356
-14.5 , 1.63874 , 3.6771
-14.5 , 1.82999 , 3.68107
-14.5 , 2.02124 , 3.68547
-14.5 , 2.21249 , 3.6903
-14.5 , 2.40374 , 3.69556
-14.5 , 2.59499 , 3.70124
-14.5 , 2.78624 , 3.70735
-14.5 , 2.97749 , 3.71387
-14.5 , 3.16874 , 3.7208
-14.5 , 3.35999 , 3.72815
-14.5 , 3.55124 , 3.7359
-14.5 , 3.74249 , 3.74406
-14 , -5.24625 , 3.73978
-14 , -5.055 , 3.72823
-14 , -4.86375 , 3.71706
-14 , -4.6725 , 3.70627
-14 , -4.48125 , 3.69588
-14 , -4.29 , 3.68588
-14 , -4.09875 , 3.67628
-14 , -3.90751 , 3.66709
-14 , -3.71626 , 3.6583
-14 , -3.52501 , 3.64993
-14 , -3.33376 , 3.64197
-14 , -3.14251 , 3.63443
-14 , -2.95126 , 3.62732
-14 , -2.76001 , 3.62063
-14 , -2.56876 , 3.61438
-14 , -2.37751 , 3.60856
-14 , -2.18626 , 3.60318
-14 , -1.99501 , 3.59824
-14 , -1.80376 , 3.59374
-14 , -1.61251 , 3.58969
-14 , -1.42126 , 3.58609
-14 , -1.23001 , 3.58294
-14 , -1.03876 , 3.58024
-14 , -0.847507 , 3.57799
-14 , -0.656258 , 3.57619
-14 , -0.465008 , 3.57486
-14 , -0.273758 , 3.57397
-14 , -0.0825081 , 3.57355
-14 , 0.108742 , 3.57358
-14 , 0.299992 , 3.57407
-14 , 0.491241 , 3.57501
-14 , 0.682491 , 3.57641
-14 , 0.873741 , 3.57827
-14 , 1.06499 , 3.58058
-14 , 1.25624 , 3.58334
-14 , 1.44749 , 3.58656
-14 , 1.63874 , 3.59022
-14 , 1.82999 , 3.59433
-14 , 2.02124 , 3.59889
-14 , 2.21249 , 3.60389
-14 , 2.40374 , 3.60933
-14 , 2.59499 , 3.61521
-14 , 2.78624 , 3.62153
-14 , 2.97749 , 3.62827
-14 , 3.16874 , 3.63544
-14 , 3.35999 , 3.64303
-14 , 3.55124 , 3.65105
-14 , 3.74249 , 3.65948
-14 , 3.93374 , 3.66833
-14 , 4.12499 , 3.67758
-14 , 4.31624 , 3.68723
-14 , 4.50749 , 3.69728
-14 , 4.69874 , 3.70773
-14 , 4.88999 , 3.71857
-14 , 5.08124 , 3.72979
-14 , 5.27249 , 3.74139
-13.5 , -6.39375 , 3.73748
-13.5 , -6.2025 , 3.72333
-13.5 , -6.01125 , 3.70955
-13.5 , -5.82 , 3.69612
-13.5 , -5.62875 , 3.68307
-13.5 , -5.4375 , 3.67038
-13.5 , -5.24625 , 3.65808
-13.5 , -5.055 , 3.64615
-13.5 , -4.86375 , 3.63462
-13.5 , -4.6725 , 3.62348
-13.5 , -4.48125 , 3.61274
-13.5 , -4.29 , 3.60241
-13.5 , -4.09875 , 3.59248
-13.5 , -3.90751 , 3.58297
-13.5 , -3.71626 , 3.57388
-13.5 , -3.52501 , 3.56522
-13.5 , -3.33376 , 3.55698
-13.5 , -3.14251 , 3.54918
-13.5 , -2.95126 , 3.54182
-13.5 , -2.76001 , 3.5349
-13.5 , -2.56876 , 3.52842
-13.5 , -2.37751 , 3.52239
-13.5 , -2.18626 , 3.51682
-13.5 , -1.99501 , 3.5117
-13.5 , -1.80376 , 3.50704
-13.5 , -1.61251 , 3.50284
-13.5 , -1.42126 , 3.49911
-13.5 , -1.23001 , 3.49584
-13.5 , -1.03876 , 3.49304
-13.5 , -0.847507 , 3.49071
-13.5 , -0.656258 , 3.48885
-13.5 , -0.465008 , 3.48746
-13.5 , -0.273758 , 3.48654
-13.5 , -0.0825081 , 3.4861
-13.5 , 0.108742 , 3.48614
-13.5 , 0.299992 , 3.48664
-13.5 , 0.491241 , 3.48762
-13.5 , 0.682491 , 3.48907
-13.5 , 0.873741 , 3.491
-13.5 , 1.06499 , 3.49339
-13.5 , 1.25624 , 3.49626
-13.5 , 1.44749 , 3.49959
-13.5 , 1.63874 , 3.50339
-13.5 , 1.82999 , 3.50765
-13.5 , 2.02124 , 3.51238
-13.5 , 2.21249 , 3.51756
-13.5 , 2.40374 , 3.52319
-13.5 , 2.59499 , 3.52928
-13.5 , 2.78624 , 3.53582
-13.5 , 2.97749 , 3.5428
-13.5 , 3.16874 , 3.55023
-13.5 , 3.35999 , 3.55809
-13.5 , 3.55124 , 3.56638
-13.5 , 3.74249 , 3.57511
-13.5 , 3.93374 , 3.58425
-13.5 , 4.12499 , 3.59382
-13.5 , 4.31624 , 3.6038
-13.5 , 4.50749 , 3.61419
-13.5 , 4.69874 , 3.62498
-13.5 , 4.88999 , 3.63618
-13.5 , 5.08124 , 3.64776
-13.5 , 5.27249 , 3.65974
-13.5 , 5.46374 , 3.6721
-13.5 , 5.65499 , 3.68484
-13.5 , 5.84624 , 3.69794
-13.5 , 6.03749 , 3.71142
-13.5 , 6.22874 , 3.72525
-13.5 , 6.41999 , 3.73944
-13 , -7.35 , 3.73685
-13 , -7.15875 , 3.72055
-13 , -6.9675 , 3.70458
-13 , -6.77625 , 3.68895
-13 , -6.585 , 3.67366
-13 , -6.39375 , 3.65872
-13 , -6.2025 , 3.64414
-13 , -6.01125 , 3.62992
-13 , -5.82 , 3.61606
-13 , -5.62875 , 3.60258
-13 , -5.4375 , 3.58948
-13 , -5.24625 , 3.57677
-13 , -5.055 , 3.56445
-13 , -4.86375 , 3.55253
-13 , -4.6725 , 3.54101
-13 , -4.48125 , 3.5299
-13 , -4.29 , 3.51921
-13 , -4.09875 , 3.50894
-13 , -3.90751 , 3.4991
-13 , -3.71626 , 3.48969
-13 , -3.52501 , 3.48071
-13 , -3.33376 , 3.47218
-13 , -3.14251 , 3.4641
-13 , -2.95126 , 3.45647
-13 , -2.76001 , 3.44929
-13 , -2.56876 , 3.44257
-13 , -2.37751 , 3.43632
-13 , -2.18626 , 3.43054
-13 , -1.99501 , 3.42523
-13 , -1.80376 , 3.42039
-13 , -1.61251 , 3.41604
-13 , -1.42126 , 3.41216
-13 , -1.23001 , 3.40877
-13 , -1.03876 , 3.40586
-13 , -0.847507 , 3.40344
-13 , -0.656258 , 3.40151
-13 , -0.465008 , 3.40007
-13 , -0.273758 , 3.39912
-13 , -0.0825081 , 3.39866
-13 , 0.108742 , 3.39869
-13 , 0.299992 , 3.39922
-13 , 0.491241 , 3.40024
-13 , 0.682491 , 3.40174
-13 , 0.873741 , 3.40374
-13 , 1.06499 , 3.40623
-13 , 1.25624 , 3.4092
-13 , 1.44749 , 3.41266
-13 , 1.63874 , 3.41661
-13 , 1.82999 , 3.42103
-13 , 2.02124 , 3.42593
-13 , 2.21249 , 3.43131
-13 , 2.40374 , 3.43715
-13 , 2.59499 , 3.44347
-13 , 2.78624 , 3.45025
-13 , 2.97749 , 3.45749
-13 , 3.16874 , 3.46518
-13 , 3.35999 , 3.47333
-13 , 3.55124 , 3.48192
-13 , 3.74249 , 3.49095
-13 , 3.93374 , 3.50042
-13 , 4.12499 , 3.51033
-13 , 4.31624 , 3.52065
-13 , 4.50749 , 3.5314
-13 , 4.69874 , 3.54257
-13 , 4.88999 , 3.55414
-13 , 5.08124 , 3.56612
-13 , 5.27249 , 3.57849
-13 , 5.46374 , 3.59126
-13 , 5.65499 , 3.60441
-13 , 5.84624 , 3.61794
-13 , 6.03749 , 3.63185
-13 , 6.22874 , 3.64612
-13 , 6.41999 , 3.66075
-13 , 6.61124 , 3.67574
-13 , 6.80249 , 3.69107
-13 , 6.99374 , 3.70675
-13 , 7.18499 , 3.72276
-13 , 7.37624 , 3.73911
-12.5 , -8.115 , 3.73146
-12.5 , -7.92375 , 3.7134
-12.5 , -7.7325 , 3.69564
-12.5 , -7.54125 , 3.67821
-12.5 , -7.35 , 3.66109
-12.5 , -7.15875 , 3.6443
-12.5 , -6.9675 , 3.62785
-12.5 , -6.77625 , 3.61173
-12.5 , -6.585 , 3.59597
-12.5 , -6.39375 , 3.58055
-12.5 , -6.2025 , 3.5655
-12.5 , -6.01125 , 3.55082
-12.5 , -5.82 , 3.53651
-12.5 , -5.62875 , 3.52259
-12.5 , -5.4375 , 3.50905
-12.5 , -5.24625 , 3.49591
-12.5 , -5.055 , 3.48316
-12.5 , -4.86375 , 3.47083
-12.5 , -4.6725 , 3.45891
-12.5 , -4.48125 , 3.44741
-12.5 , -4.29 , 3.43633
-12.5 , -4.09875 , 3.42569
-12.5 , -3.90751 , 3.41549
-12.5 , -3.71626 , 3.40574
-12.5 , -3.52501 , 3.39643
-12.5 , -3.33376 , 3.38758
-12.5 , -3.14251 , 3.37919
-12.5 , -2.95126 , 3.37127
-12.5 , -2.76001 , 3.36382
-12.5 , -2.56876 , 3.35685
-12.5 , -2.37751 , 3.35036
-12.5 , -2.18626 , 3.34435
-12.5 , -1.99501 , 3.33883
-12.5 , -1.80376 , 3.33381
-12.5 , -1.61251 , 3.32928
-12.5 , -1.42126 , 3.32525
-12.5 , -1.23001 , 3.32172
-12.5 , -1.03876 , 3.3187
-12.5 , -0.847507 , 3.31618
-12.5 , -0.656258 , 3.31418
-12.5 , -0.465008 , 3.31268
-12.5 , -0.273758 , 3.31169
-12.5 , -0.0825081 , 3.31121
-12.5 , 0.108742 , 3.31125
-12.5 , 0.299992 , 3.3118
-12.5 , 0.491241 , 3.31285
-12.5 , 0.682491 , 3.31442
-12.5 , 0.873741 , 3.3165
-12.5 , 1.06499 , 3.31909
-12.5 , 1.25624 , 3.32218
-12.5 , 1.44749 , 3.32577
-12.5 , 1.63874 , 3.32987
-12.5 , 1.82999 , 3.33447
-12.5 , 2.02124 , 3.33956
-12.5 , 2.21249 , 3.34515
-12.5 , 2.40374 , 3.35122
-12.5 , 2.59499 , 3.35778
-12.5 , 2.78624 , 3.36482
-12.5 , 2.97749 , 3.37233
-12.5 , 3.16874 , 3.38032
-12.5 , 3.35999 , 3.38877
-12.5 , 3.55124 , 3.39768
-12.5 , 3.74249 , 3.40705
-12.5 , 3.93374 , 3.41687
-12.5 , 4.12499 , 3.42713
-12.5 , 4.31624 , 3.43783
-12.5 , 4.50749 , 3.44896
-12.5 , 4.69874 , 3.46052
-12.5 , 4.88999 , 3.4725
-12.5 , 5.08124 , 3.48489
-12.5 , 5.27249 , 3.49768
-12.5 , 5.46374 , 3.51088
-12.5 , 5.65499 , 3.52448
-12.5 , 5.84624 , 3.53845
-12.5 , 6.03749 , 3.55281
-12.5 , 6.22874 , 3.56755
-12.5 , 6.41999 , 3.58265
-12.5 , 6.61124 , 3.59811
-12.5 , 6.80249 , 3.61392
-12.5 , 6.99374 , 3.63008
-12.5 , 7.18499 , 3.64658
-12.5 , 7.37624 , 3.66342
-12.5 , 7.56749 , 3.68058
-12.5 , 7.75874 , 3.69806
-12.5 , 7.94999 , 3.71586
-12.5 , 8.14124 , 3.73396
-12 , -8.88 , 3.73586
-12 , -8.68875 , 3.7161
-12 , -8.4975 , 3.69663
-12 , -8.30625 , 3.67745
-12 , -8.115 , 3.65856
-12 , -7.92375 , 3.63997
-12 , -7.7325 , 3.6217
-12 , -7.54125 , 3.60374
-12 , -7.35 , 3.58611
-12 , -7.15875 , 3.5688
-12 , -6.9675 , 3.55184
-12 , -6.77625 , 3.53521
-12 , -6.585 , 3.51894
-12 , -6.39375 , 3.50303
-12 , -6.2025 , 3.48749
-12 , -6.01125 , 3.47232
-12 , -5.82 , 3.45753
-12 , -5.62875 , 3.44313
-12 , -5.4375 , 3.42912
-12 , -5.24625 , 3.41552
-12 , -5.055 , 3.40233
-12 , -4.86375 , 3.38955
-12 , -4.6725 , 3.3772
-12 , -4.48125 , 3.36528
-12 , -4.29 , 3.3538
-12 , -4.09875 , 3.34277
-12 , -3.90751 , 3.33218
-12 , -3.71626 , 3.32206
-12 , -3.52501 , 3.31239
-12 , -3.33376 , 3.3032
-12 , -3.14251 , 3.29449
-12 , -2.95126 , 3.28626
-12 , -2.76001 , 3.27852
-12 , -2.56876 , 3.27127
-12 , -2.37751 , 3.26451
-12 , -2.18626 , 3.25827
-12 , -1.99501 , 3.25253
-12 , -1.80376 , 3.2473
-12 , -1.61251 , 3.24258
-12 , -1.42126 , 3.23839
-12 , -1.23001 , 3.23472
-12 , -1.03876 , 3.23157
-12 , -0.847507 , 3.22895
-12 , -0.656258 , 3.22686
-12 , -0.465008 , 3.22529
-12 , -0.273758 , 3.22427
-12 , -0.0825081 , 3.22377
-12 , 0.108742 , 3.22381
-12 , 0.299992 , 3.22438
-12 , 0.491241 , 3.22548
-12 , 0.682491 , 3.22711
-12 , 0.873741 , 3.22928
-12 , 1.06499 , 3.23197
-12 , 1.25624 , 3.23519
-12 , 1.44749 , 3.23893
-12 , 1.63874 , 3.2432
-12 , 1.82999 , 3.24798
-12 , 2.02124 , 3.25328
-12 , 2.21249 , 3.25909
-12 , 2.40374 , 3.26541
-12 , 2.59499 , 3.27223
-12 , 2.78624 , 3.27955
-12 , 2.97749 , 3.28736
-12 , 3.16874 , 3.29566
-12 , 3.35999 , 3.30444
-12 , 3.55124 , 3.31369
-12 , 3.74249 , 3.32342
-12 , 3.93374 , 3.33361
-12 , 4.12499 , 3.34425
-12 , 4.31624 , 3.35535
-12 , 4.50749 , 3.36689
-12 , 4.69874 , 3.37887
-12 , 4.88999 , 3.39128
-12 , 5.08124 , 3.40411
-12 , 5.27249 , 3.41736
-12 , 5.46374 , 3.43102
-12 , 5.65499 , 3.44508
-12 , 5.84624 , 3.45954
-12 , 6.03749 , 3.47438
-12 , 6.22874 , 3.4896
-12 , 6.41999 , 3.5052
-12 , 6.61124 , 3.52116
-12 , 6.80249 , 3.53747
-12 , 6.99374 , 3.55414
-12 , 7.18499 , 3.57116
-12 , 7.37624 , 3.58851
-12 , 7.56749 , 3.60619
-12 , 7.75874 , 3.62419
-12 , 7.94999 , 3.64251
-12 , 8.14124 , 3.66113
-12 , 8.33249 , 3.68006
-12 , 8.52374 , 3.69928
-12 , 8.71498 , 3.7188
-12 , 8.90623 , 3.73859
-11.5 , -9.45375 , 3.72864
-11.5 , -9.2625 , 3.70753
-11.5 , -9.07125 , 3.68668
-11.5 , -8.88 , 3.6661
-11.5 , -8.68875 , 3.6458
-11.5 , -8.4975 , 3.62578
-11.5 , -8.30625 , 3.60604
-11.5 , -8.115 , 3.58661
-11.5 , -7.92375 , 3.56748
-11.5 , -7.7325 , 3.54866
-11.5 , -7.54125 , 3.53015
-11.5 , -7.35 , 3.51197
-11.5 , -7.15875 , 3.49413
-11.5 , -6.9675 , 3.47662
-11.5 , -6.77625 , 3.45947
-11.5 , -6.585 , 3.44266
-11.5 , -6.39375 , 3.42623
-11.5 , -6.2025 , 3.41016
-11.5 , -6.01125 , 3.39447
-11.5 , -5.82 , 3.37917
-11.5 , -5.62875 , 3.36427
-11.5 , -5.4375 , 3.34977
-11.5 , -5.24625 , 3.33568
-11.5 , -5.055 , 3.322
-11.5 , -4.86375 , 3.30876
-11.5 , -4.6725 , 3.29595
-11.5 , -4.48125 , 3.28358
-11.5 , -4.29 , 3.27166
-11.5 , -4.09875 , 3.2602
-11.5 , -3.90751 , 3.24921
-11.5 , -3.71626 , 3.23868
-11.5 , -3.52501 , 3.22864
-11.5 , -3.33376 , 3.21908
-11.5 , -3.14251 , 3.21001
-11.5 , -2.95126 , 3.20145
-11.5 , -2.76001 , 3.19339
-11.5 , -2.56876 , 3.18584
-11.5 , -2.37751 , 3.17881
-11.5 , -2.18626 , 3.1723
-11.5 , -1.99501 , 3.16631
-11.5 , -1.80376 , 3.16086
-11.5 , -1.61251 , 3.15595
-11.5 , -1.42126 , 3.15157
-11.5 , -1.23001 , 3.14774
-11.5 , -1.03876 , 3.14446
-11.5 , -0.847507 , 3.14173
-11.5 , -0.656258 , 3.13954
-11.5 , -0.465008 , 3.13792
-11.5 , -0.273758 , 3.13684
-11.5 , -0.0825081 , 3.13632
-11.5 , 0.108742 , 3.13636
-11.5 , 0.299992 , 3.13696
-11.5 , 0.491241 , 3.13811
-11.5 , 0.682491 , 3.13981
-11.5 , 0.873741 , 3.14207
-11.5 , 1.06499 , 3.14488
-11.5 , 1.25624 , 3.14824
-11.5 , 1.44749 , 3.15214
-11.5 , 1.63874 , 3.15659
-11.5 , 1.82999 , 3.16158
-11.5 , 2.02124 , 3.1671
-11.5 , 2.21249 , 3.17316
-11.5 , 2.40374 , 3.17974
-11.5 , 2.59499 , 3.18684
-11.5 , 2.78624 , 3.19446
-11.5 , 2.97749 , 3.20259
-11.5 , 3.16874 , 3.21123
-11.5 , 3.35999 , 3.22036
-11.5 , 3.55124 , 3.22999
-11.5 , 3.74249 , 3.2401
-11.5 , 3.93374 , 3.25069
-11.5 , 4.12499 , 3.26175
-11.5 , 4.31624 , 3.27327
-11.5 , 4.50749 , 3.28525
-11.5 , 4.69874 , 3.29768
-11.5 , 4.88999 , 3.31055
-11.5 , 5.08124 , 3.32385
-11.5 , 5.27249 , 3.33758
-11.5 , 5.46374 , 3.35173
-11.5 , 5.65499 , 3.36629
-11.5 , 5.84624 , 3.38125
-11.5 , 6.03749 , 3.3966
-11.5 , 6.22874 , 3.41234
-11.5 , 6.41999 , 3.42846
-11.5 , 6.61124 , 3.44495
-11.5 , 6.80249 , 3.4618
-11.5 , 6.99374 , 3.479
-11.5 , 7.18499 , 3.49656
-11.5 , 7.37624 , 3.51445
-11.5 , 7.56749 , 3.53267
-11.5 , 7.75874 , 3.55122
-11.5 , 7.94999 , 3.57008
-11.5 , 8.14124 , 3.58926
-11.5 , 8.33249 , 3.60873
-11.5 , 8.52374 , 3.6285
-11.5 , 8.71498 , 3.64856
-11.5 , 8.90623 , 3.66891
-11.5 , 9.09748 , 3.68952
-11.5 , 9.28873 , 3.71041
-11.5 , 9.47998 , 3.73156
-11 , -10.0275 , 3.72821
-11 , -9.83625 , 3.7058
-11 , -9.645 , 3.68362
-11 , -9.45375 , 3.6617
-11 , -9.2625 , 3.64002
-11 , -9.07125 , 3.61861
-11 , -8.88 , 3.59746
-11 , -8.68875 , 3.57659
-11 , -8.4975 , 3.556
-11 , -8.30625 , 3.5357
-11 , -8.115 , 3.51569
-11 , -7.92375 , 3.49599
-11 , -7.7325 , 3.47659
-11 , -7.54125 , 3.45752
-11 , -7.35 , 3.43877
-11 , -7.15875 , 3.42036
-11 , -6.9675 , 3.40228
-11 , -6.77625 , 3.38456
-11 , -6.585 , 3.3672
-11 , -6.39375 , 3.3502
-11 , -6.2025 , 3.33358
-11 , -6.01125 , 3.31735
-11 , -5.82 , 3.30151
-11 , -5.62875 , 3.28607
-11 , -5.4375 , 3.27104
-11 , -5.24625 , 3.25643
-11 , -5.055 , 3.24224
-11 , -4.86375 , 3.2285
-11 , -4.6725 , 3.21519
-11 , -4.48125 , 3.20234
-11 , -4.29 , 3.18996
-11 , -4.09875 , 3.17804
-11 , -3.90751 , 3.1666
-11 , -3.71626 , 3.15565
-11 , -3.52501 , 3.14519
-11 , -3.33376 , 3.13524
-11 , -3.14251 , 3.12579
-11 , -2.95126 , 3.11686
-11 , -2.76001 , 3.10846
-11 , -2.56876 , 3.10059
-11 , -2.37751 , 3.09325
-11 , -2.18626 , 3.08646
-11 , -1.99501 , 3.08021
-11 , -1.80376 , 3.07452
-11 , -1.61251 , 3.06939
-11 , -1.42126 , 3.06482
-11 , -1.23001 , 3.06082
-11 , -1.03876 , 3.05738
-11 , -0.847507 , 3.05453
-11 , -0.656258 , 3.05225
-11 , -0.465008 , 3.05054
-11 , -0.273758 , 3.04942
-11 , -0.0825081 , 3.04888
-11 , 0.108742 , 3.04892
-11 , 0.299992 , 3.04954
-11 , 0.491241 , 3.05074
-11 , 0.682491 , 3.05253
-11 , 0.873741 , 3.05489
-11 , 1.06499 , 3.05782
-11 , 1.25624 , 3.06133
-11 , 1.44749 , 3.06541
-11 , 1.63874 , 3.07006
-11 , 1.82999 , 3.07527
-11 , 2.02124 , 3.08103
-11 , 2.21249 , 3.08735
-11 , 2.40374 , 3.09422
-11 , 2.59499 , 3.10163
-11 , 2.78624 , 3.10958
-11 , 2.97749 , 3.11806
-11 , 3.16874 , 3.12706
-11 , 3.35999 , 3.13657
-11 , 3.55124 , 3.1466
-11 , 3.74249 , 3.15712
-11 , 3.93374 , 3.16814
-11 , 4.12499 , 3.17965
-11 , 4.31624 , 3.19163
-11 , 4.50749 , 3.20408
-11 , 4.69874 , 3.21699
-11 , 4.88999 , 3.23035
-11 , 5.08124 , 3.24416
-11 , 5.27249 , 3.2584
-11 , 5.46374 , 3.27307
-11 , 5.65499 , 3.28816
-11 , 5.84624 , 3.30366
-11 , 6.03749 , 3.31955
-11 , 6.22874 , 3.33584
-11 , 6.41999 , 3.35251
-11 , 6.61124 , 3.36956
-11 , 6.80249 , 3.38697
-11 , 6.99374 , 3.40474
-11 , 7.18499 , 3.42286
-11 , 7.37624 , 3.44132
-11 , 7.56749 , 3.46012
-11 , 7.75874 , 3.47923
-11 , 7.94999 , 3.49867
-11 , 8.14124 , 3.51842
-11 , 8.33249 , 3.53847
-11 , 8.52374 , 3.55881
-11 , 8.71498 , 3.57944
-11 , 8.90623 , 3.60035
-11 , 9.09748 , 3.62153
-11 , 9.28873 , 3.64298
-11 , 9.47998 , 3.66469
-11 , 9.67123 , 3.68665
-11 , 9.86248 , 3.70886
-11 , 10.0537 , 3.73131
-10.5 , -10.6012 , 3.73458
-10.5 , -10.41 , 3.71093
-10.5 , -10.2188 , 3.68749
-10.5 , -10.0275 , 3.66427
-10.5 , -9.83625 , 3.64129
-10.5 , -9.645 , 3.61854
-10.5 , -9.45375 , 3.59603
-10.5 , -9.2625 , 3.57378
-10.5 , -9.07125 , 3.55178
-10.5 , -8.88 , 3.53005
-10.5 , -8.68875 , 3.50859
-10.5 , -8.4975 , 3.4874
-10.5 , -8.30625 , 3.46651
-10.5 , -8.115 , 3.4459
-10.5 , -7.92375 , 3.4256
-10.5 , -7.7325 , 3.40561
-10.5 , -7.54125 , 3.38593
-10.5 , -7.35 , 3.36659
-10.5 , -7.15875 , 3.34757
-10.5 , -6.9675 , 3.32891
-10.5 , -6.77625 , 3.31059
-10.5 , -6.585 , 3.29263
-10.5 , -6.39375 , 3.27505
-10.5 , -6.2025 , 3.25785
-10.5 , -6.01125 , 3.24103
-10.5 , -5.82 , 3.22461
-10.5 , -5.62875 , 3.2086
-10.5 , -5.4375 , 3.19301
-10.5 , -5.24625 , 3.17784
-10.5 , -5.055 , 3.16311
-10.5 , -4.86375 , 3.14883
-10.5 , -4.6725 , 3.135
-10.5 , -4.48125 , 3.12163
-10.5 , -4.29 , 3.10874
-10.5 , -4.09875 , 3.09633
-10.5 , -3.90751 , 3.08442
-10.5 , -3.71626 , 3.073
-10.5 , -3.52501 , 3.0621
-10.5 , -3.33376 , 3.05172
-10.5 , -3.14251 , 3.04186
-10.5 , -2.95126 , 3.03254
-10.5 , -2.76001 , 3.02376
-10.5 , -2.56876 , 3.01553
-10.5 , -2.37751 , 3.00787
-10.5 , -2.18626 , 3.00076
-10.5 , -1.99501 , 2.99423
-10.5 , -1.80376 , 2.98828
-10.5 , -1.61251 , 2.98291
-10.5 , -1.42126 , 2.97813
-10.5 , -1.23001 , 2.97394
-10.5 , -1.03876 , 2.97034
-10.5 , -0.847507 , 2.96735
-10.5 , -0.656258 , 2.96496
-10.5 , -0.465008 , 2.96318
-10.5 , -0.273758 , 2.962
-10.5 , -0.0825081 , 2.96144
-10.5 , 0.108742 , 2.96148
-10.5 , 0.299992 , 2.96213
-10.5 , 0.491241 , 2.96339
-10.5 , 0.682491 , 2.96525
-10.5 , 0.873741 , 2.96773
-10.5 , 1.06499 , 2.9708
-10.5 , 1.25624 , 2.97448
-10.5 , 1.44749 , 2.97875
-10.5 , 1.63874 , 2.98361
-10.5 , 1.82999 , 2.98906
-10.5 , 2.02124 , 2.99509
-10.5 , 2.21249 , 3.0017
-10.5 , 2.40374 , 3.00889
-10.5 , 2.59499 , 3.01663
-10.5 , 2.78624 , 3.02493
-10.5 , 2.97749 , 3.03379
-10.5 , 3.16874 , 3.04318
-10.5 , 3.35999 , 3.05311
-10.5 , 3.55124 , 3.06357
-10.5 , 3.74249 , 3.07454
-10.5 , 3.93374 , 3.08602
-10.5 , 4.12499 , 3.09801
-10.5 , 4.31624 , 3.11048
-10.5 , 4.50749 , 3.12344
-10.5 , 4.69874 , 3.13687
-10.5 , 4.88999 , 3.15076
-10.5 , 5.08124 , 3.16511
-10.5 , 5.27249 , 3.1799
-10.5 , 5.46374 , 3.19512
-10.5 , 5.65499 , 3.21077
-10.5 , 5.84624 , 3.22684
-10.5 , 6.03749 , 3.24331
-10.5 , 6.22874 , 3.26018
-10.5 , 6.41999 , 3.27744
-10.5 , 6.61124 , 3.29508
-10.5 , 6.80249 , 3.31308
-10.5 , 6.99374 , 3.33145
-10.5 , 7.18499 , 3.35016
-10.5 , 7.37624 , 3.36922
-10.5 , 7.56749 , 3.38861
-10.5 , 7.75874 , 3.40833
-10.5 , 7.94999 , 3.42837
-10.5 , 8.14124 , 3.44871
-10.5 , 8.33249 , 3.46935
-10.5 , 8.52374 , 3.49029
-10.5 , 8.71498 , 3.51151
-10.5 , 8.90623 , 3.53301
-10.5 , 9.09748 , 3.55478
-10.5 , 9.28873 , 3.57682
-10.5 , 9.47998 , 3.59911
-10.5 , 9.67123 , 3.62165
-10.5 , 9.86248 , 3.64443
-10.5 , 10.0537 , 3.66744
-10.5 , 10.245 , 3.69069
-10.5 , 10.4362 , 3.71416
-10.5 , 10.6275 , 3.73785
-10 , -11.175 , 3.7477
-10 , -10.9837 , 3.72287
-10 , -10.7925 , 3.69824
-10 , -10.6012 , 3.6738
-10 , -10.41 , 3.64958
-10 , -10.2188 , 3.62556
-10 , -10.0275 , 3.60177
-10 , -9.83625 , 3.5782
-10 , -9.645 , 3.55486
-10 , -9.45375 , 3.53176
-10 , -9.2625 , 3.5089
-10 , -9.07125 , 3.4863
-10 , -8.88 , 3.46396
-10 , -8.68875 , 3.44189
-10 , -8.4975 , 3.42009
-10 , -8.30625 , 3.39857
-10 , -8.115 , 3.37735
-10 , -7.92375 , 3.35642
-10 , -7.7325 , 3.3358
-10 , -7.54125 , 3.3155
-10 , -7.35 , 3.29553
-10 , -7.15875 , 3.27589
-10 , -6.9675 , 3.25659
-10 , -6.77625 , 3.23765
-10 , -6.585 , 3.21907
-10 , -6.39375 , 3.20086
-10 , -6.2025 , 3.18303
-10 , -6.01125 , 3.1656
-10 , -5.82 , 3.14857
-10 , -5.62875 , 3.13196
-10 , -5.4375 , 3.11576
-10 , -5.24625 , 3.1
-10 , -5.055 , 3.08469
-10 , -4.86375 , 3.06983
-10 , -4.6725 , 3.05543
-10 , -4.48125 , 3.04151
-10 , -4.29 , 3.02808
-10 , -4.09875 , 3.01514
-10 , -3.90751 , 3.00271
-10 , -3.71626 , 2.9908
-10 , -3.52501 , 2.97941
-10 , -3.33376 , 2.96856
-10 , -3.14251 , 2.95826
-10 , -2.95126 , 2.94851
-10 , -2.76001 , 2.93932
-10 , -2.56876 , 2.93071
-10 , -2.37751 , 2.92268
-10 , -2.18626 , 2.91524
-10 , -1.99501 , 2.9084
-10 , -1.80376 , 2.90216
-10 , -1.61251 , 2.89652
-10 , -1.42126 , 2.89151
-10 , -1.23001 , 2.88711
-10 , -1.03876 , 2.88334
-10 , -0.847507 , 2.8802
-10 , -0.656258 , 2.87769
-10 , -0.465008 , 2.87582
-10 , -0.273758 , 2.87459
-10 , -0.0825081 , 2.87399
-10 , 0.108742 , 2.87404
-10 , 0.299992 , 2.87472
-10 , 0.491241 , 2.87604
-10 , 0.682491 , 2.878
-10 , 0.873741 , 2.8806
-10 , 1.06499 , 2.88382
-10 , 1.25624 , 2.88768
-10 , 1.44749 , 2.89216
-10 , 1.63874 , 2.89726
-10 , 1.82999 , 2.90298
-10 , 2.02124 , 2.9093
-10 , 2.21249 , 2.91623
-10 , 2.40374 , 2.92375
-10 , 2.59499 , 2.93186
-10 , 2.78624 , 2.94055
-10 , 2.97749 , 2.94981
-10 , 3.16874 , 2.95964
-10 , 3.35999 , 2.97002
-10 , 3.55124 , 2.98094
-10 , 3.74249 , 2.9924
-10 , 3.93374 , 3.00439
-10 , 4.12499 , 3.01689
-10 , 4.31624 , 3.02989
-10 , 4.50749 , 3.04339
-10 , 4.69874 , 3.05738
-10 , 4.88999 , 3.07184
-10 , 5.08124 , 3.08676
-10 , 5.27249 , 3.10214
-10 , 5.46374 , 3.11796
-10 , 5.65499 , 3.13421
-10 , 5.84624 , 3.15088
-10 , 6.03749 , 3.16797
-10 , 6.22874 , 3.18546
-10 , 6.41999 , 3.20333
-10 , 6.61124 , 3.22159
-10 , 6.80249 , 3.24022
-10 , 6.99374 , 3.25922
-10 , 7.18499 , 3.27856
-10 , 7.37624 , 3.29825
-10 , 7.56749 , 3.31827
-10 , 7.75874 , 3.33861
-10 , 7.94999 , 3.35927
-10 , 8.14124 , 3.38024
-10 , 8.33249 , 3.40151
-10 , 8.52374 , 3.42306
-10 , 8.71498 , 3.4449
-10 , 8.90623 , 3.46701
-10 , 9.09748 , 3.48939
-10 , 9.28873 , 3.51202
-10 , 9.47998 , 3.53491
-10 , 9.67123 , 3.55805
-10 , 9.86248 , 3.58142
-10 , 10.0537 , 3.60502
-10 , 10.245 , 3.62884
-10 , 10.4362 , 3.65289
-10 , 10.6275 , 3.67714
-10 , 10.8187 , 3.70161
-10 , 11.01 , 3.72627
-9.5 , -11.5575 , 3.74154
-9.5 , -11.3662 , 3.71579
-9.5 , -11.175 , 3.69022
-9.5 , -10.9837 , 3.66483
-9.5 , -10.7925 , 3.63962
-9.5 , -10.6012 , 3.61461
-9.5 , -10.41 , 3.5898
-9.5 , -10.2188 , 3.5652
-9.5 , -10.0275 , 3.54081
-9.5 , -9.83625 , 3.51664
-9.5 , -9.645 , 3.4927
-9.5 , -9.45375 , 3.46898
-9.5 , -9.2625 , 3.44551
-9.5 , -9.07125 , 3.42229
-9.5 , -8.88 , 3.39931
-9.5 , -8.68875 , 3.37661
-9.5 , -8.4975 , 3.35417
-9.5 , -8.30625 , 3.33201
-9.5 , -8.115 , 3.31014
-9.5 , -7.92375 , 3.28856
-9.5 , -7.7325 , 3.26729
-9.5 , -7.54125 , 3.24634
-9.5 , -7.35 , 3.2257
-9.5 , -7.15875 , 3.2054
-9.5 , -6.9675 , 3.18545
-9.5 , -6.77625 , 3.16584
-9.5 , -6.585 , 3.1466
-9.5 , -6.39375 , 3.12774
-9.5 , -6.2025 , 3.10926
-9.5 , -6.01125 , 3.09117
-9.5 , -5.82 , 3.07349
-9.5 , -5.62875 , 3.05623
-9.5 , -5.4375 , 3.03939
-9.5 , -5.24625 , 3.023
-9.5 , -5.055 , 3.00706
-9.5 , -4.86375 , 2.99158
-9.5 , -4.6725 , 2.97658
-9.5 , -4.48125 , 2.96206
-9.5 , -4.29 , 2.94804
-9.5 , -4.09875 , 2.93453
-9.5 , -3.90751 , 2.92154
-9.5 , -3.71626 , 2.90909
-9.5 , -3.52501 , 2.89718
-9.5 , -3.33376 , 2.88582
-9.5 , -3.14251 , 2.87503
-9.5 , 3.16874 , 2.87647
-9.5 , 3.35999 , 2.88734
-9.5 , 3.55124 , 2.89878
-9.5 , 3.74249 , 2.91076
-9.5 , 3.93374 , 2.92329
-9.5 , 4.12499 , 2.93635
-9.5 , 4.31624 , 2.94993
-9.5 , 4.50749 , 2.96402
-9.5 , 4.69874 , 2.97861
-9.5 , 4.88999 , 2.99368
-9.5 , 5.08124 , 3.00922
-9.5 , 5.27249 , 3.02522
-9.5 , 5.46374 , 3.04168
-9.5 , 5.65499 , 3.05857
-9.5 , 5.84624 , 3.07589
-9.5 , 6.03749 , 3.09363
-9.5 , 6.22874 , 3.11177
-9.5 , 6.41999 , 3.1303
-9.5 , 6.61124 , 3.14922
-9.5 , 6.80249 , 3.16851
-9.5 , 6.99374 , 3.18816
-9.5 , 7.18499 , 3.20817
-9.5 , 7.37624 , 3.22852
-9.5 , 7.56749 , 3.24919
-9.5 , 7.75874 , 3.27019
-9.5 , 7.94999 , 3.29151
-9.5 , 8.14124 , 3.31312
-9.5 , 8.33249 , 3.33503
-9.5 , 8.52374 , 3.35723
-9.5 , 8.71498 , 3.37971
-9.5 , 8.90623 , 3.40245
-9.5 , 9.09748 , 3.42546
-9.5 , 9.28873 , 3.44872
-9.5 , 9.47998 , 3.47222
-9.5 , 9.67123 , 3.49597
-9.5 , 9.86248 , 3.51994
-9.5 , 10.0537 , 3.54414
-9.5 , 10.245 , 3.56856
-9.5 , 10.4362 , 3.5932
-9.5 , 10.6275 , 3.61803
-9.5 , 10.8187 , 3.64307
-9.5 , 11.01 , 3.6683
-9.5 , 11.2012 , 3.69372
-9.5 , 11.3925 , 3.71931
-9.5 , 11.5837 , 3.74509
-9 , -11.94 , 3.74001
-9 , -11.7487 , 3.71338
-9 , -11.5575 , 3.68691
-9 , -11.3662 , 3.6606
-9 , -11.175 , 3.63446
-9 , -10.9837 , 3.6085
-9 , -10.7925 , 3.58272
-9 , -10.6012 , 3.55713
-9 , -10.41 , 3.53173
-9 , -10.2188 , 3.50652
-9 , -10.0275 , 3.48153
-9 , -9.83625 , 3.45674
-9 , -9.645 , 3.43217
-9 , -9.45375 , 3.40783
-9 , -9.2625 , 3.38372
-9 , -9.07125 , 3.35986
-9 , -8.88 , 3.33624
-9 , -8.68875 , 3.31288
-9 , -8.4975 , 3.28978
-9 , -8.30625 , 3.26695
-9 , -8.115 , 3.24441
-9 , -7.92375 , 3.22216
-9 , -7.7325 , 3.20021
-9 , -7.54125 , 3.17857
-9 , -7.35 , 3.15725
-9 , -7.15875 , 3.13626
-9 , -6.9675 , 3.11561
-9 , -6.77625 , 3.09531
-9 , -6.585 , 3.07537
-9 , -6.39375 , 3.05581
-9 , -6.2025 , 3.03663
-9 , -6.01125 , 3.01785
-9 , -5.82 , 2.99948
-9 , -5.62875 , 2.98153
-9 , -5.4375 , 2.96401
-9 , -5.24625 , 2.94694
-9 , -5.055 , 2.93033
-9 , -4.86375 , 2.91419
-9 , -4.6725 , 2.89853
-9 , -4.48125 , 2.88337
-9 , 4.50749 , 2.88542
-9 , 4.69874 , 2.90065
-9 , 4.88999 , 2.91637
-9 , 5.08124 , 2.93258
-9 , 5.27249 , 2.94926
-9 , 5.46374 , 2.96639
-9 , 5.65499 , 2.98397
-9 , 5.84624 , 3.00198
-9 , 6.03749 , 3.0204
-9 , 6.22874 , 3.03924
-9 , 6.41999 , 3.05847
-9 , 6.61124 , 3.07808
-9 , 6.80249 , 3.09807
-9 , 6.99374 , 3.11842
-9 , 7.18499 , 3.13911
-9 , 7.37624 , 3.16015
-9 , 7.56749 , 3.18152
-9 , 7.75874 , 3.2032
-9 , 7.94999 , 3.22519
-9 , 8.14124 , 3.24749
-9 , 8.33249 , 3.27007
-9 , 8.52374 , 3.29293
-9 , 8.71498 , 3.31606
-9 , 8.90623 , 3.33946
-9 , 9.09748 , 3.36312
-9 , 9.28873 , 3.38702
-9 , 9.47998 , 3.41116
-9 , 9.67123 , 3.43553
-9 , 9.86248 , 3.46013
-9 , 10.0537 , 3.48494
-9 , 10.245 , 3.50997
-9 , 10.4362 , 3.5352
-9 , 10.6275 , 3.56063
-9 , 10.8187 , 3.58625
-9 , 11.01 , 3.61205
-9 , 11.2012 , 3.63804
-9 , 11.3925 , 3.6642
-9 , 11.5837 , 3.69053
-9 , 11.775 , 3.71702
-9 , 11.9662 , 3.74368
-8.5 , -12.3225 , 3.74311
-8.5 , -12.1313 , 3.71565
-8.5 , -11.94 , 3.68833
-8.5 , -11.7487 , 3.66115
-8.5 , -11.5575 , 3.63413
-8.5 , -11.3662 , 3.60726
-8.5 , -11.175 , 3.58056
-8.5 , -10.9837 , 3.55402
-8.5 , -10.7925 , 3.52765
-8.5 , -10.6012 , 3.50147
-8.5 , -10.41 , 3.47546
-8.5 , -10.2188 , 3.44965
-8.5 , -10.0275 , 3.42404
-8.5 , -9.83625 , 3.39862
-8.5 , -9.645 , 3.37342
-8.5 , -9.45375 , 3.34844
-8.5 , -9.2625 , 3.32368
-8.5 , -9.07125 , 3.29915
-8.5 , -8.88 , 3.27487
-8.5 , -8.68875 , 3.25083
-8.5 , -8.4975 , 3.22705
-8.5 , -8.30625 , 3.20354
-8.5 , -8.115 , 3.1803
-8.5 , -7.92375 , 3.15735
-8.5 , -7.7325 , 3.13469
-8.5 , -7.54125 , 3.11233
-8.5 , -7.35 , 3.09029
-8.5 , -7.15875 , 3.06858
-8.5 , -6.9675 , 3.0472
-8.5 , -6.77625 , 3.02618
-8.5 , -6.585 , 3.00551
-8.5 , -6.39375 , 2.98521
-8.5 , -6.2025 , 2.9653
-8.5 , -6.01125 , 2.94578
-8.5 , -5.82 , 2.92668
-8.5 , -5.62875 , 2.90799
-8.5 , -5.4375 , 2.88975
-8.5 , 5.27249 , 2.87436
-8.5 , 5.46374 , 2.89222
-8.5 , 5.65499 , 2.91053
-8.5 , 5.84624 , 2.92927
-8.5 , 6.03749 , 2.94844
-8.5 , 6.22874 , 2.96801
-8.5 , 6.41999 , 2.98797
-8.5 , 6.61124 , 3.00832
-8.5 , 6.80249 , 3.02904
-8.5 , 6.99374 , 3.05012
-8.5 , 7.18499 , 3.07154
-8.5 , 7.37624 , 3.0933
-8.5 , 7.56749 , 3.11538
-8.5 , 7.75874 , 3.13778
-8.5 , 7.94999 , 3.16048
-8.5 , 8.14124 , 3.18347
-8.5 , 8.33249 , 3.20675
-8.5 , 8.52374 , 3.2303
-8.5 , 8.71498 , 3.25411
-8.5 , 8.90623 , 3.27818
-8.5 , 9.09748 , 3.3025
-8.5 , 9.28873 , 3.32706
-8.5 , 9.47998 , 3.35185
-8.5 , 9.67123 , 3.37687
-8.5 , 9.86248 , 3.4021
-8.5 , 10.0537 , 3.42754
-8.5 , 10.245 , 3.45318
-8.5 , 10.4362 , 3.47902
-8.5 , 10.6275 , 3.50505
-8.5 , 10.8187 , 3.53126
-8.5 , 11.01 , 3.55765
-8.5 , 11.2012 , 3.58421
-8.5 , 11.3925 , 3.61094
-8.5 , 11.5837 , 3.63783
-8.5 , 11.775 , 3.66487
-8.5 , 11.9662 , 3.69207
-8.5 , 12.1575 , 3.71941
-8.5 , 12.3487 , 3.74689
-8 , -12.5138 , 3.72259
-8 , -12.3225 , 3.69447
-8 , -12.1313 , 3.66648
-8 , -11.94 , 3.63862
-8 , -11.7487 , 3.6109
-8 , -11.5575 , 3.58333
-8 , -11.3662 , 3.5559
-8 , -11.175 , 3.52863
-8 , -10.9837 , 3.50151
-8 , -10.7925 , 3.47455
-8 , -10.6012 , 3.44777
-8 , -10.41 , 3.42116
-8 , -10.2188 , 3.39473
-8 , -10.0275 , 3.36848
-8 , -9.83625 , 3.34244
-8 , -9.645 , 3.31659
-8 , -9.45375 , 3.29095
-8 , -9.2625 , 3.26552
-8 , -9.07125 , 3.24032
-8 , -8.88 , 3.21535
-8 , -8.68875 , 3.19063
-8 , -8.4975 , 3.16614
-8 , -8.30625 , 3.14192
-8 , -8.115 , 3.11796
-8 , -7.92375 , 3.09428
-8 , -7.7325 , 3.07089
-8 , -7.54125 , 3.0478
-8 , -7.35 , 3.02501
-8 , -7.15875 , 3.00254
-8 , -6.9675 , 2.9804
-8 , -6.77625 , 2.95861
-8 , -6.585 , 2.93717
-8 , -6.39375 , 2.9161
-8 , -6.2025 , 2.89541
-8 , -6.01125 , 2.87511
-8 , 6.03749 , 2.87787
-8 , 6.22874 , 2.89822
-8 , 6.41999 , 2.91897
-8 , 6.61124 , 2.94009
-8 , 6.80249 , 2.96158
-8 , 6.99374 , 2.98342
-8 , 7.18499 , 3.0056
-8 , 7.37624 , 3.02812
-8 , 7.56749 , 3.05095
-8 , 7.75874 , 3.07408
-8 , 7.94999 , 3.09752
-8 , 8.14124 , 3.12123
-8 , 8.33249 , 3.14523
-8 , 8.52374 , 3.16949
-8 , 8.71498 , 3.194
-8 , 8.90623 , 3.21877
-8 , 9.09748 , 3.24377
-8 , 9.28873 , 3.269
-8 , 9.47998 , 3.29445
-8 , 9.67123 , 3.32012
-8 , 9.86248 , 3.346
-8 , 10.0537 , 3.37207
-8 , 10.245 , 3.39834
-8 , 10.4362 , 3.4248
-8 , 10.6275 , 3.45143
-8 , 10.8187 , 3.47824
-8 , 11.01 , 3.50522
-8 , 11.2012 , 3.53236
-8 , 11.3925 , 3.55965
-8 , 11.5837 , 3.5871
-8 , 11.775 , 3.6147
-8 , 11.9662 , 3.64244
-8 , 12.1575 , 3.67031
-8 , 12.3487 , 3.69832
-8 , 12.54 , 3.72645
-7.5 , -12.8962 , 3.73415
-7.5 , -12.705 , 3.7053
-7.5 , -12.5138 , 3.67655
-7.5 , -12.3225 , 3.64792
-7.5 , -12.1313 , 3.61941
-7.5 , -11.94 , 3.59102
-7.5 , -11.7487 , 3.56276
-7.5 , -11.5575 , 3.53463
-7.5 , -11.3662 , 3.50664
-7.5 , -11.175 , 3.4788
-7.5 , -10.9837 , 3.4511
-7.5 , -10.7925 , 3.42355
-7.5 , -10.6012 , 3.39617
-7.5 , -10.41 , 3.36894
-7.5 , -10.2188 , 3.34189
-7.5 , -10.0275 , 3.31502
-7.5 , -9.83625 , 3.28832
-7.5 , -9.645 , 3.26182
-7.5 , -9.45375 , 3.23552
-7.5 , -9.2625 , 3.20942
-7.5 , -9.07125 , 3.18353
-7.5 , -8.88 , 3.15786
-7.5 , -8.68875 , 3.13242
-7.5 , -8.4975 , 3.10722
-7.5 , -8.30625 , 3.08227
-7.5 , -8.115 , 3.05758
-7.5 , -7.92375 , 3.03315
-7.5 , -7.7325 , 3.009
-7.5 , -7.54125 , 2.98513
-7.5 , -7.35 , 2.96157
-7.5 , -7.15875 , 2.93831
-7.5 , -6.9675 , 2.91538
-7.5 , -6.77625 , 2.89279
-7.5 , 6.80249 , 2.89586
-7.5 , 6.99374 , 2.91851
-7.5 , 7.18499 , 2.94148
-7.5 , 7.37624 , 2.96478
-7.5 , 7.56749 , 2.98839
-7.5 , 7.75874 , 3.01229
-7.5 , 7.94999 , 3.03648
-7.5 , 8.14124 , 3.06095
-7.5 , 8.33249 , 3.08568
-7.5 , 8.52374 , 3.11067
-7.5 , 8.71498 , 3.1359
-7.5 , 8.90623 , 3.16137
-7.5 , 9.09748 , 3.18707
-7.5 , 9.28873 , 3.21298
-7.5 , 9.47998 , 3.23911
-7.5 , 9.67123 , 3.26544
-7.5 , 9.86248 , 3.29197
-7.5 , 10.0537 , 3.31869
-7.5 , 10.245 , 3.34559
-7.5 , 10.4362 , 3.37267
-7.5 , 10.6275 , 3.39991
-7.5 , 10.8187 , 3.42732
-7.5 , 11.01 , 3.45489
-7.5 , 11.2012 , 3.48261
-7.5 , 11.3925 , 3.51047
-7.5 , 11.5837 , 3.53848
-7.5 , 11.775 , 3.56663
-7.5 , 11.9662 , 3.5949
-7.5 , 12.1575 , 3.62331
-7.5 , 12.3487 , 3.65184
-7.5 , 12.54 , 3.68048
-7.5 , 12.7312 , 3.70925
-7.5 , 12.9225 , 3.73812
-7 , -13.0875 , 3.72075
-7 , -12.8962 , 3.69131
-7 , -12.705 , 3.66196
-7 , -12.5138 , 3.63272
-7 , -12.3225 , 3.60358
-7 , -12.1313 , 3.57455
-7 , -11.94 , 3.54564
-7 , -11.7487 , 3.51684
-7 , -11.5575 , 3.48817
-7 , -11.3662 , 3.45962
-7 , -11.175 , 3.43121
-7 , -10.9837 , 3.40293
-7 , -10.7925 , 3.3748
-7 , -10.6012 , 3.34681
-7 , -10.41 , 3.31897
-7 , -10.2188 , 3.2913
-7 , -10.0275 , 3.26379
-7 , -9.83625 , 3.23645
-7 , -9.645 , 3.20928
-7 , -9.45375 , 3.18231
-7 , -9.2625 , 3.15552
-7 , -9.07125 , 3.12894
-7 , -8.88 , 3.10257
-7 , -8.68875 , 3.07641
-7 , -8.4975 , 3.05048
-7 , -8.30625 , 3.02478
-7 , -8.115 , 2.99932
-7 , -7.92375 , 2.97413
-7 , -7.7325 , 2.94919
-7 , -7.54125 , 2.92454
-7 , -7.35 , 2.90017
-7 , -7.15875 , 2.8761
-7 , 7.18499 , 2.87938
-7 , 7.37624 , 2.90349
-7 , 7.56749 , 2.9279
-7 , 7.75874 , 2.9526
-7 , 7.94999 , 2.97757
-7 , 8.14124 , 3.0028
-7 , 8.33249 , 3.02829
-7 , 8.52374 , 3.05402
-7 , 8.71498 , 3.07998
-7 , 8.90623 , 3.10617
-7 , 9.09748 , 3.13258
-7 , 9.28873 , 3.15919
-7 , 9.47998 , 3.186
-7 , 9.67123 , 3.213
-7 , 9.86248 , 3.24019
-7 , 10.0537 , 3.26755
-7 , 10.245 , 3.29508
-7 , 10.4362 , 3.32278
-7 , 10.6275 , 3.35064
-7 , 10.8187 , 3.37865
-7 , 11.01 , 3.4068
-7 , 11.2012 , 3.4351
-7 , 11.3925 , 3.46353
-7 , 11.5837 , 3.49209
-7 , 11.775 , 3.52078
-7 , 11.9662 , 3.5496
-7 , 12.1575 , 3.57852
-7 , 12.3487 , 3.60757
-7 , 12.54 , 3.63672
-7 , 12.7312 , 3.66598
-7 , 12.9225 , 3.69534
-7 , 13.1137 , 3.7248
-6.5 , -13.47 , 3.74076
-6.5 , -13.2788 , 3.71067
-6.5 , -13.0875 , 3.68067
-6.5 , -12.8962 , 3.65076
-6.5 , -12.705 , 3.62094
-6.5 , -12.5138 , 3.59121
-6.5 , -12.3225 , 3.56157
-6.5 , -12.1313 , 3.53204
-6.5 , -11.94 , 3.50261
-6.5 , -11.7487 , 3.47328
-6.5 , -11.5575 , 3.44407
-6.5 , -11.3662 , 3.41498
-6.5 , -11.175 , 3.386
-6.5 , -10.9837 , 3.35715
-6.5 , -10.7925 , 3.32843
-6.5 , -10.6012 , 3.29985
-6.5 , -10.41 , 3.27141
-6.5 , -10.2188 , 3.24311
-6.5 , -10.0275 , 3.21496
-6.5 , -9.83625 , 3.18697
-6.5 , -9.645 , 3.15915
-6.5 , -9.45375 , 3.1315
-6.5 , -9.2625 , 3.10403
-6.5 , -9.07125 , 3.07675
-6.5 , -8.88 , 3.04966
-6.5 , -8.68875 , 3.02277
-6.5 , -8.4975 , 2.99609
-6.5 , -8.30625 , 2.96964
-6.5 , -8.115 , 2.94341
-6.5 , -7.92375 , 2.91743
-6.5 , -7.7325 , 2.8917
-6.5 , 7.75874 , 2.89521
-6.5 , 7.94999 , 2.92098
-6.5 , 8.14124 , 2.947
-6.5 , 8.33249 , 2.97325
-6.5 , 8.52374 , 2.99974
-6.5 , 8.71498 , 3.02644
-6.5 , 8.90623 , 3.05336
-6.5 , 9.09748 , 3.08048
-6.5 , 9.28873 , 3.10779
-6.5 , 9.47998 , 3.13528
-6.5 , 9.67123 , 3.16296
-6.5 , 9.86248 , 3.1908
-6.5 , 10.0537 , 3.21881
-6.5 , 10.245 , 3.24698
-6.5 , 10.4362 , 3.2753
-6.5 , 10.6275 , 3.30376
-6.5 , 10.8187 , 3.33237
-6.5 , 11.01 , 3.3611
-6.5 , 11.2012 , 3.38997
-6.5 , 11.3925 , 3.41896
-6.5 , 11.5837 , 3.44807
-6.5 , 11.775 , 3.4773
-6.5 , 11.9662 , 3.50664
-6.5 , 12.1575 , 3.53608
-6.5 , 12.3487 , 3.56563
-6.5 , 12.54 , 3.59528
-6.5 , 12.7312 , 3.62502
-6.5 , 12.9225 , 3.65486
-6.5 , 13.1137 , 3.68478
-6.5 , 13.305 , 3.71479
-6.5 , 13.4962 , 3.74489
-6 , -13.6613 , 3.73454
-6 , -13.47 , 3.70395
-6 , -13.2788 , 3.67344
-6 , -13.0875 , 3.64299
-6 , -12.8962 , 3.61263
-6 , -12.705 , 3.58234
-6 , -12.5138 , 3.55214
-6 , -12.3225 , 3.52202
-6 , -12.1313 , 3.49199
-6 , -11.94 , 3.46206
-6 , -11.7487 , 3.43222
-6 , -11.5575 , 3.40248
-6 , -11.3662 , 3.37285
-6 , -11.175 , 3.34332
-6 , -10.9837 , 3.31391
-6 , -10.7925 , 3.28462
-6 , -10.6012 , 3.25545
-6 , -10.41 , 3.2264
-6 , -10.2188 , 3.19749
-6 , -10.0275 , 3.16871
-6 , -9.83625 , 3.14008
-6 , -9.645 , 3.11161
-6 , -9.45375 , 3.08328
-6 , -9.2625 , 3.05513
-6 , -9.07125 , 3.02714
-6 , -8.88 , 2.99933
-6 , -8.68875 , 2.97171
-6 , -8.4975 , 2.94429
-6 , -8.30625 , 2.91707
-6 , -8.115 , 2.89006
-6 , 8.14124 , 2.89376
-6 , 8.33249 , 2.92079
-6 , 8.52374 , 2.94804
-6 , 8.71498 , 2.97549
-6 , 8.90623 , 3.00314
-6 , 9.09748 , 3.03097
-6 , 9.28873 , 3.05898
-6 , 9.47998 , 3.08716
-6 , 9.67123 , 3.1155
-6 , 9.86248 , 3.144
-6 , 10.0537 , 3.17265
-6 , 10.245 , 3.20145
-6 , 10.4362 , 3.23038
-6 , 10.6275 , 3.25944
-6 , 10.8187 , 3.28863
-6 , 11.01 , 3.31794
-6 , 11.2012 , 3.34737
-6 , 11.3925 , 3.37691
-6 , 11.5837 , 3.40656
-6 , 11.775 , 3.43631
-6 , 11.9662 , 3.46616
-6 , 12.1575 , 3.49611
-6 , 12.3487 , 3.52615
-6 , 12.54 , 3.55628
-6 , 12.7312 , 3.58649
-6 , 12.9225 , 3.61679
-6 , 13.1137 , 3.64716
-6 , 13.305 , 3.67762
-6 , 13.4962 , 3.70815
-6 , 13.6875 , 3.73875
-5.5 , -13.8525 , 3.73168
-5.5 , -13.6613 , 3.70062
-5.5 , -13.47 , 3.66963
-5.5 , -13.2788 , 3.63869
-5.5 , -13.0875 , 3.60782
-5.5 , -12.8962 , 3.57702
-5.5 , -12.705 , 3.54629
-5.5 , -12.5138 , 3.51563
-5.5 , -12.3225 , 3.48505
-5.5 , -12.1313 , 3.45454
-5.5 , -11.94 , 3.42412
-5.5 , -11.7487 , 3.39379
-5.5 , -11.5575 , 3.36354
-5.5 , -11.3662 , 3.33338
-5.5 , -11.175 , 3.30332
-5.5 , -10.9837 , 3.27336
-5.5 , -10.7925 , 3.24351
-5.5 , -10.6012 , 3.21376
-5.5 , -10.41 , 3.18413
-5.5 , -10.2188 , 3.15461
-5.5 , -10.0275 , 3.12522
-5.5 , -9.83625 , 3.09596
-5.5 , -9.645 , 3.06684
-5.5 , -9.45375 , 3.03785
-5.5 , -9.2625 , 3.00901
-5.5 , -9.07125 , 2.98033
-5.5 , -8.88 , 2.95181
-5.5 , -8.68875 , 2.92346
-5.5 , -8.4975 , 2.89529
-5.5 , 8.52374 , 2.89915
-5.5 , 8.71498 , 2.92734
-5.5 , 8.90623 , 2.95572
-5.5 , 9.09748 , 2.98426
-5.5 , 9.28873 , 3.01296
-5.5 , 9.47998 , 3.04182
-5.5 , 9.67123 , 3.07082
-5.5 , 9.86248 , 3.09997
-5.5 , 10.0537 , 3.12925
-5.5 , 10.245 , 3.15865
-5.5 , 10.4362 , 3.18818
-5.5 , 10.6275 , 3.21783
-5.5 , 10.8187 , 3.24759
-5.5 , 11.01 , 3.27746
-5.5 , 11.2012 , 3.30744
-5.5 , 11.3925 , 3.33751
-5.5 , 11.5837 , 3.36768
-5.5 , 11.775 , 3.39794
-5.5 , 11.9662 , 3.42829
-5.5 , 12.1575 , 3.45872
-5.5 , 12.3487 , 3.48924
-5.5 , 12.54 , 3.51983
-5.5 , 12.7312 , 3.5505
-5.5 , 12.9225 , 3.58124
-5.5 , 13.1137 , 3.61205
-5.5 , 13.305 , 3.64293
-5.5 , 13.4962 , 3.67388
-5.5 , 13.6875 , 3.70488
-5.5 , 13.8787 , 3.73595
-5 , -14.0437 , 3.73218
-5 , -13.8525 , 3.7007
-5 , -13.6613 , 3.66926
-5 , -13.47 , 3.63788
-5 , -13.2788 , 3.60655
-5 , -13.0875 , 3.57527
-5 , -12.8962 , 3.54405
-5 , -12.705 , 3.5129
-5 , -12.5138 , 3.48181
-5 , -12.3225 , 3.45078
-5 , -12.1313 , 3.41982
-5 , -11.94 , 3.38893
-5 , -11.7487 , 3.35811
-5 , -11.5575 , 3.32738
-5 , -11.3662 , 3.29672
-5 , -11.175 , 3.26614
-5 , -10.9837 , 3.23566
-5 , -10.7925 , 3.20526
-5 , -10.6012 , 3.17496
-5 , -10.41 , 3.14476
-5 , -10.2188 , 3.11466
-5 , -10.0275 , 3.08467
-5 , -9.83625 , 3.05479
-5 , -9.645 , 3.02504
-5 , -9.45375 , 2.9954
-5 , -9.2625 , 2.9659
-5 , -9.07125 , 2.93654
-5 , -8.88 , 2.90732
-5 , -8.68875 , 2.87825
-5 , 8.71498 , 2.88223
-5 , 8.90623 , 2.91132
-5 , 9.09748 , 2.94056
-5 , 9.28873 , 2.96994
-5 , 9.47998 , 2.99946
-5 , 9.67123 , 3.02911
-5 , 9.86248 , 3.05888
-5 , 10.0537 , 3.08878
-5 , 10.245 , 3.11878
-5 , 10.4362 , 3.14889
-5 , 10.6275 , 3.17911
-5 , 10.8187 , 3.20942
-5 , 11.01 , 3.23983
-5 , 11.2012 , 3.27033
-5 , 11.3925 , 3.30092
-5 , 11.5837 , 3.33159
-5 , 11.775 , 3.36234
-5 , 11.9662 , 3.39316
-5 , 12.1575 , 3.42406
-5 , 12.3487 , 3.45503
-5 , 12.54 , 3.48607
-5 , 12.7312 , 3.51717
-5 , 12.9225 , 3.54833
-5 , 13.1137 , 3.57956
-5 , 13.305 , 3.61084
-5 , 13.4962 , 3.64218
-5 , 13.6875 , 3.67357
-5 , 13.8787 , 3.70501
-5 , 14.07 , 3.7365
-4.5 , -14.235 , 3.73604
-4.5 , -14.0437 , 3.70417
-4.5 , -13.8525 , 3.67234
-4.5 , -13.6613 , 3.64055
-4.5 , -13.47 , 3.6088
-4.5 , -13.2788 , 3.5771
-4.5 , -13.0875 , 3.54544
-4.5 , -12.8962 , 3.51383
-4.5 , -12.705 , 3.48228
-4.5 , -12.5138 , 3.45078
-4.5 , -12.3225 , 3.41933
-4.5 , -12.1313 , 3.38794
-4.5 , -11.94 , 3.35661
-4.5 , -11.7487 , 3.32534
-4.5 , -11.5575 , 3.29414
-4.5 , -11.3662 , 3.26301
-4.5 , -11.175 , 3.23194
-4.5 , -10.9837 , 3.20095
-4.5 , -10.7925 , 3.17004
-4.5 , -10.6012 , 3.13921
-4.5 , -10.41 , 3.10846
-4.5 , -10.2188 , 3.07781
-4.5 , -10.0275 , 3.04724
-4.5 , -9.83625 , 3.01677
-4.5 , -9.645 , 2.98641
-4.5 , -9.45375 , 2.95615
-4.5 , -9.2625 , 2.92601
-4.5 , -9.07125 , 2.89598
-4.5 , 9.09748 , 2.9001
-4.5 , 9.28873 , 2.93014
-4.5 , 9.47998 , 2.9603
-4.5 , 9.67123 , 2.99057
-4.5 , 9.86248 , 3.02095
-4.5 , 10.0537 , 3.05143
-4.5 , 10.245 , 3.08201
-4.5 , 10.4362 , 3.11268
-4.5 , 10.6275 , 3.14343
-4.5 , 10.8187 , 3.17428
-4.5 , 11.01 , 3.2052
-4.5 , 11.2012 , 3.2362
-4.5 , 11.3925 , 3.26727
-4.5 , 11.5837 , 3.29842
-4.5 , 11.775 , 3.32963
-4.5 , 11.9662 , 3.3609
-4.5 , 12.1575 , 3.39224
-4.5 , 12.3487 , 3.42364
-4.5 , 12.54 , 3.4551
-4.5 , 12.7312 , 3.4866
-4.5 , 12.9225 , 3.51817
-4.5 , 13.1137 , 3.54978
-4.5 , 13.305 , 3.58144
-4.5 , 13.4962 , 3.61315
-4.5 , 13.6875 , 3.6449
-4.5 , 13.8787 , 3.6767
-4.5 , 14.07 , 3.70854
-4.5 , 14.2612 , 3.74042
-4 , -14.4263 , 3.74324
-4 , -14.235 , 3.71103
-4 , -14.0437 , 3.67884
-4 , -13.8525 , 3.64669
-4 , -13.6613 , 3.61457
-4 , -13.47 , 3.58249
-4 , -13.2788 , 3.55044
-4 , -13.0875 , 3.51844
-4 , -12.8962 , 3.48647
-4 , -12.705 , 3.45454
-4 , -12.5138 , 3.42266
-4 , -12.3225 , 3.39082
-4 , -12.1313 , 3.35903
-4 , -11.94 , 3.32729
-4 , -11.7487 , 3.2956
-4 , -11.5575 , 3.26397
-4 , -11.3662 , 3.23238
-4 , -11.175 , 3.20086
-4 , -10.9837 , 3.1694
-4 , -10.7925 , 3.13801
-4 , -10.6012 , 3.10668
-4 , -10.41 , 3.07542
-4 , -10.2188 , 3.04423
-4 , -10.0275 , 3.01312
-4 , -9.83625 , 2.9821
-4 , -9.645 , 2.95116
-4 , -9.45375 , 2.92031
-4 , -9.2625 , 2.88955
-4 , 9.28873 , 2.89376
-4 , 9.47998 , 2.92453
-4 , 9.67123 , 2.9554
-4 , 9.86248 , 2.98635
-4 , 10.0537 , 3.01739
-4 , 10.245 , 3.04851
-4 , 10.4362 , 3.0797
-4 , 10.6275 , 3.11097
-4 , 10.8187 , 3.14231
-4 , 11.01 , 3.17371
-4 , 11.2012 , 3.20518
-4 , 11.3925 , 3.23671
-4 , 11.5837 , 3.2683
-4 , 11.775 , 3.29995
-4 , 11.9662 , 3.33164
-4 , 12.1575 , 3.36339
-4 , 12.3487 , 3.39519
-4 , 12.54 , 3.42703
-4 , 12.7312 , 3.45892
-4 , 12.9225 , 3.49085
-4 , 13.1137 , 3.52282
-4 , 13.305 , 3.55484
-4 , 13.4962 , 3.58689
-4 , 13.6875 , 3.61898
-4 , 13.8787 , 3.6511
-4 , 14.07 , 3.68326
-4 , 14.2612 , 3.71544
-4 , 14.4525 , 3.74767
-3.5 , -14.4263 , 3.72125
-3.5 , -14.235 , 3.68875
-3.5 , -14.0437 , 3.65629
-3.5 , -13.8525 , 3.62384
-3.5 , -13.6613 , 3.59143
-3.5 , -13.47 , 3.55904
-3.5 , -13.2788 , 3.52668
-3.5 , -13.0875 , 3.49435
-3.5 , -12.8962 , 3.46206
-3.5 , -12.705 , 3.42979
-3.5 , -12.5138 , 3.39756
-3.5 , -12.3225 , 3.36537
-3.5 , -12.1313 , 3.33321
-3.5 , -11.94 , 3.30109
-3.5 , -11.7487 , 3.26902
-3.5 , -11.5575 , 3.23698
-3.5 , -11.3662 , 3.20499
-3.5 , -11.175 , 3.17305
-3.5 , -10.9837 , 3.14115
-3.5 , -10.7925 , 3.10931
-3.5 , -10.6012 , 3.07752
-3.5 , -10.41 , 3.04579
-3.5 , -10.2188 , 3.01411
-3.5 , -10.0275 , 2.9825
-3.5 , -9.83625 , 2.95095
-3.5 , -9.645 , 2.91948
-3.5 , -9.45375 , 2.88807
-3.5 , 9.47998 , 2.89237
-3.5 , 9.67123 , 2.92379
-3.5 , 9.86248 , 2.95528
-3.5 , 10.0537 , 2.98683
-3.5 , 10.245 , 3.01845
-3.5 , 10.4362 , 3.05014
-3.5 , 10.6275 , 3.08188
-3.5 , 10.8187 , 3.11368
-3.5 , 11.01 , 3.14553
-3.5 , 11.2012 , 3.17743
-3.5 , 11.3925 , 3.20938
-3.5 , 11.5837 , 3.24137
-3.5 , 11.775 , 3.27341
-3.5 , 11.9662 , 3.3055
-3.5 , 12.1575 , 3.33762
-3.5 , 12.3487 , 3.36978
-3.5 , 12.54 , 3.40198
-3.5 , 12.7312 , 3.43422
-3.5 , 12.9225 , 3.46648
-3.5 , 13.1137 , 3.49879
-3.5 , 13.305 , 3.53112
-3.5 , 13.4962 , 3.56348
-3.5 , 13.6875 , 3.59587
-3.5 , 13.8787 , 3.62829
-3.5 , 14.07 , 3.66074
-3.5 , 14.2612 , 3.69321
-3.5 , 14.4525 , 3.72571
-3 , -14.6175 , 3.73479
-3 , -14.4263 , 3.70203
-3 , -14.235 , 3.66929
-3 , -14.0437 , 3.63657
-3 , -13.8525 , 3.60387
-3 , -13.6613 , 3.57119
-3 , -13.47 , 3.53853
-3 , -13.2788 , 3.5059
-3 , -13.0875 , 3.47328
-3 , -12.8962 , 3.44069
-3 , -12.705 , 3.40812
-3 , -12.5138 , 3.37558
-3 , -12.3225 , 3.34307
-3 , -12.1313 , 3.31059
-3 , -11.94 , 3.27813
-3 , -11.7487 , 3.24571
-3 , -11.5575 , 3.21332
-3 , -11.3662 , 3.18096
-3 , -11.175 , 3.14863
-3 , -10.9837 , 3.11635
-3 , -10.7925 , 3.0841
-3 , -10.6012 , 3.0519
-3 , -10.41 , 3.01973
-3 , -10.2188 , 2.98762
-3 , -10.0275 , 2.95555
-3 , -9.83625 , 2.92353
-3 , -9.645 , 2.89156
-3 , 9.67123 , 2.89594
-3 , 9.86248 , 2.92792
-3 , 10.0537 , 2.95994
-3 , 10.245 , 2.99202
-3 , 10.4362 , 3.02414
-3 , 10.6275 , 3.05631
-3 , 10.8187 , 3.08852
-3 , 11.01 , 3.12077
-3 , 11.2012 , 3.15307
-3 , 11.3925 , 3.18539
-3 , 11.5837 , 3.21776
-3 , 11.775 , 3.25015
-3 , 11.9662 , 3.28258
-3 , 12.1575 , 3.31504
-3 , 12.3487 , 3.34753
-3 , 12.54 , 3.38005
-3 , 12.7312 , 3.41259
-3 , 12.9225 , 3.44516
-3 , 13.1137 , 3.47775
-3 , 13.305 , 3.51037
-3 , 13.4962 , 3.54301
-3 , 13.6875 , 3.57567
-3 , 13.8787 , 3.60836
-3 , 14.07 , 3.64106
-3 , 14.2612 , 3.67378
-3 , 14.4525 , 3.70652
-3 , 14.6437 , 3.73928
-2.5 , -14.6175 , 3.71862
-2.5 , -14.4263 , 3.68566
-2.5 , -14.235 , 3.65271
-2.5 , -14.0437 , 3.61977
-2.5 , -13.8525 , 3.58685
-2.5 , -13.6613 , 3.55394
-2.5 , -13.47 , 3.52104
-2.5 , -13.2788 , 3.48816
-2.5 , -13.0875 , 3.4553
-2.5 , -12.8962 , 3.42246
-2.5 , -12.705 , 3.38963
-2.5 , -12.5138 , 3.35682
-2.5 , -12.3225 , 3.32403
-2.5 , -12.1313 , 3.29126
-2.5 , -11.94 , 3.25851
-2.5 , -11.7487 , 3.22578
-2.5 , -11.5575 , 3.19308
-2.5 , -11.3662 , 3.1604
-2.5 , -11.175 , 3.12774
-2.5 , -10.9837 , 3.09511
-2.5 , -10.7925 , 3.06251
-2.5 , -10.6012 , 3.02994
-2.5 , -10.41 , 2.9974
-2.5 , -10.2188 , 2.9649
-2.5 , -10.0275 , 2.93243
-2.5 , -9.83625 , 2.89999
-2.5 , 9.86248 , 2.90444
-2.5 , 10.0537 , 2.93688
-2.5 , 10.245 , 2.96935
-2.5 , 10.4362 , 3.00187
-2.5 , 10.6275 , 3.03441
-2.5 , 10.8187 , 3.06698
-2.5 , 11.01 , 3.09959
-2.5 , 11.2012 , 3.13222
-2.5 , 11.3925 , 3.16488
-2.5 , 11.5837 , 3.19756
-2.5 , 11.775 , 3.23027
-2.5 , 11.9662 , 3.263
-2.5 , 12.1575 , 3.29575
-2.5 , 12.3487 , 3.32852
-2.5 , 12.54 , 3.36132
-2.5 , 12.7312 , 3.39413
-2.5 , 12.9225 , 3.42696
-2.5 , 13.1137 , 3.45981
-2.5 , 13.305 , 3.49267
-2.5 , 13.4962 , 3.52555
-2.5 , 13.6875 , 3.55845
-2.5 , 13.8787 , 3.59136
-2.5 , 14.07 , 3.62429
-2.5 , 14.2612 , 3.65723
-2.5 , 14.4525 , 3.69018
-2.5 , 14.6437 , 3.72314
-2 , -14.8088 , 3.73846
-2 , -14.6175 , 3.70532
-2 , -14.4263 , 3.67219
-2 , -14.235 , 3.63906
-2 , -14.0437 , 3.60594
-2 , -13.8525 , 3.57283
-2 , -13.6613 , 3.53973
-2 , -13.47 , 3.50664
-2 , -13.2788 , 3.47356
-2 , -13.0875 , 3.44049
-2 , -12.8962 , 3.40743
-2 , -12.705 , 3.37438
-2 , -12.5138 , 3.34135
-2 , -12.3225 , 3.30832
-2 , -12.1313 , 3.27531
-2 , -11.94 , 3.24232
-2 , -11.7487 , 3.20934
-2 , -11.5575 , 3.17637
-2 , -11.3662 , 3.14342
-2 , -11.175 , 3.11049
-2 , -10.9837 , 3.07757
-2 , -10.7925 , 3.04467
-2 , -10.6012 , 3.01179
-2 , -10.41 , 2.97894
-2 , -10.2188 , 2.9461
-2 , -10.0275 , 2.91328
-2 , -9.83625 , 2.88049
-2 , 9.86248 , 2.88499
-2 , 10.0537 , 2.91778
-2 , 10.245 , 2.9506
-2 , 10.4362 , 2.98344
-2 , 10.6275 , 3.0163
-2 , 10.8187 , 3.04918
-2 , 11.01 , 3.08208
-2 , 11.2012 , 3.115
-2 , 11.3925 , 3.14794
-2 , 11.5837 , 3.18089
-2 , 11.775 , 3.21386
-2 , 11.9662 , 3.24684
-2 , 12.1575 , 3.27984
-2 , 12.3487 , 3.31285
-2 , 12.54 , 3.34588
-2 , 12.7312 , 3.37891
-2 , 12.9225 , 3.41196
-2 , 13.1137 , 3.44502
-2 , 13.305 , 3.47809
-2 , 13.4962 , 3.51118
-2 , 13.6875 , 3.54427
-2 , 13.8787 , 3.57737
-2 , 14.07 , 3.61048
-2 , 14.2612 , 3.6436
-2 , 14.4525 , 3.67673
-2 , 14.6437 , 3.70987
-2 , 14.835 , 3.74301
-1.5 , -14.8088 , 3.7282
-1.5 , -14.6175 , 3.69493
-1.5 , -14.4263 , 3.66166
-1.5 , -14.235 , 3.62839
-1.5 , -14.0437 , 3.59513
-1.5 , -13.8525 , 3.56187
-1.5 , -13.6613 , 3.52862
-1.5 , -13.47 , 3.49537
-1.5 , -13.2788 , 3.46213
-1.5 , -13.0875 , 3.4289
-1.5 , -12.8962 , 3.39567
-1.5 , -12.705 , 3.36245
-1.5 , -12.5138 , 3.32924
-1.5 , -12.3225 , 3.29603
-1.5 , -12.1313 , 3.26283
-1.5 , -11.94 , 3.22964
-1.5 , -11.7487 , 3.19646
-1.5 , -11.5575 , 3.16328
-1.5 , -11.3662 , 3.13012
-1.5 , -11.175 , 3.09696
-1.5 , -10.9837 , 3.06381
-1.5 , -10.7925 , 3.03068
-1.5 , -10.6012 , 2.99755
-1.5 , -10.41 , 2.96444
-1.5 , -10.2188 , 2.93134
-1.5 , -10.0275 , 2.89826
-1.5 , 10.0537 , 2.90279
-1.5 , 10.245 , 2.93588
-1.5 , 10.4362 , 2.96898
-1.5 , 10.6275 , 3.0021
-1.5 , 10.8187 , 3.03522
-1.5 , 11.01 , 3.06836
-1.5 , 11.2012 , 3.10151
-1.5 , 11.3925 , 3.13467
-1.5 , 11.5837 , 3.16783
-1.5 , 11.775 , 3.20101
-1.5 , 11.9662 , 3.23419
-1.5 , 12.1575 , 3.26738
-1.5 , 12.3487 , 3.30059
-1.5 , 12.54 , 3.33379
-1.5 , 12.7312 , 3.36701
-1.5 , 12.9225 , 3.40023
-1.5 , 13.1137 , 3.43346
-1.5 , 13.305 , 3.46669
-1.5 , 13.4962 , 3.49993
-1.5 , 13.6875 , 3.53318
-1.5 , 13.8787 , 3.56643
-1.5 , 14.07 , 3.59969
-1.5 , 14.2612 , 3.63295
-1.5 , 14.4525 , 3.66622
-1.5 , 14.6437 , 3.69949
-1.5 , 14.835 , 3.73277
-1 , -14.8088 , 3.72085
-1 , -14.6175 , 3.68748
-1 , -14.4263 , 3.65411
-1 , -14.235 , 3.62074
-1 , -14.0437 , 3.58738
-1 , -13.8525 , 3.55401
-1 , -13.6613 , 3.52065
-1 , -13.47 , 3.4873
-1 , -13.2788 , 3.45394
-1 , -13.0875 , 3.42059
-1 , -12.8962 , 3.38724
-1 , -12.705 , 3.35389
-1 , -12.5138 , 3.32055
-1 , -12.3225 , 3.28721
-1 , -12.1313 , 3.25387
-1 , -11.94 , 3.22054
-1 , -11.7487 , 3.18721
-1 , -11.5575 , 3.15388
-1 , -11.3662 , 3.12056
-1 , -11.175 , 3.08724
-1 , -10.9837 , 3.05393
-1 , -10.7925 , 3.02062
-1 , -10.6012 , 2.98732
-1 , -10.41 , 2.95402
-1 , -10.2188 , 2.92073
-1 , -10.0275 , 2.88744
-1 , 10.0537 , 2.89201
-1 , 10.245 , 2.92529
-1 , 10.4362 , 2.95859
-1 , 10.6275 , 2.99189
-1 , 10.8187 , 3.02519
-1 , 11.01 , 3.0585
-1 , 11.2012 , 3.09181
-1 , 11.3925 , 3.12513
-1 , 11.5837 , 3.15845
-1 , 11.775 , 3.19178
-1 , 11.9662 , 3.22511
-1 , 12.1575 , 3.25844
-1 , 12.3487 , 3.29178
-1 , 12.54 , 3.32512
-1 , 12.7312 , 3.35846
-1 , 12.9225 , 3.39181
-1 , 13.1137 , 3.42516
-1 , 13.305 , 3.45851
-1 , 13.4962 , 3.49187
-1 , 13.6875 , 3.52523
-1 , 13.8787 , 3.55859
-1 , 14.07 , 3.59195
-1 , 14.2612 , 3.62532
-1 , 14.4525 , 3.65868
-1 , 14.6437 , 3.69205
-1 , 14.835 , 3.72543
-0.5 , -14.8088 , 3.71643
-0.5 , -14.6175 , 3.683
-0.5 , -14.4263 , 3.64957
-0.5 , -14.235 , 3.61614
-0.5 , -14.0437 , 3.58271
-0.5 , -13.8525 , 3.54929
-0.5 , -13.6613 , 3.51586
-0.5 , -13.47 , 3.48243
-0.5 , -13.2788 , 3.44901
-0.5 , -13.0875 , 3.41559
-0.5 , -12.8962 , 3.38216
-0.5 , -12.705 , 3.34874
-0.5 , -12.5138 , 3.31532
-0.5 , -12.3225 , 3.2819
-0.5 , -12.1313 , 3.24848
-0.5 , -11.94 , 3.21506
-0.5 , -11.7487 , 3.18164
-0.5 , -11.5575 , 3.14822
-0.5 , -11.3662 , 3.1148
-0.5 , -11.175 , 3.08139
-0.5 , -10.9837 , 3.04797
-0.5 , -10.7925 , 3.01456
-0.5 , -10.6012 , 2.98115
-0.5 , -10.41 , 2.94774
-0.5 , -10.2188 , 2.91433
-0.5 , -10.0275 , 2.88092
-0.5 , 10.0537 , 2.8855
-0.5 , 10.245 , 2.91891
-0.5 , 10.4362 , 2.95232
-0.5 , 10.6275 , 2.98573
-0.5 , 10.8187 , 3.01914
-0.5 , 11.01 , 3.05256
-0.5 , 11.2012 , 3.08597
-0.5 , 11.3925 , 3.11939
-0.5 , 11.5837 , 3.1528
-0.5 , 11.775 , 3.18622
-0.5 , 11.9662 , 3.21964
-0.5 , 12.1575 , 3.25306
-0.5 , 12.3487 , 3.28648
-0.5 , 12.54 , 3.3199
-0.5 , 12.7312 , 3.35332
-0.5 , 12.9225 , 3.38675
-0.5 , 13.1137 , 3.42017
-0.5 , 13.305 , 3.45359
-0.5 , 13.4962 , 3.48702
-0.5 , 13.6875 , 3.52045
-0.5 , 13.8787 , 3.55387
-0.5 , 14.07 , 3.5873
-0.5 , 14.2612 , 3.62073
-0.5 , 14.4525 , 3.65415
-0.5 , 14.6437 , 3.68758
-0.5 , 14.835 , 3.72101
0 , -15 , 3.7484
0 , -14.8088 , 3.71495
0 , -14.6175 , 3.6815
0 , -14.4263 , 3.64805
0 , -14.235 , 3.61461
0 , -14.0437 , 3.58116
0 , -13.8525 , 3.54771
0 , -13.6613 , 3.51426
0 , -13.47 , 3.48081
0 , -13.2788 , 3.44736
0 , -13.0875 , 3.41392
0 , -12.8962 , 3.38047
0 , -12.705 , 3.34702
0 , -12.5138 , 3.31357
0 , -12.3225 , 3.28012
0 , -12.1313 , 3.24667
0 , -11.94 , 3.21323
0 , -11.7487 , 3.17978
0 , -11.5575 , 3.14633
0 , -11.3662 , 3.11288
0 , -11.175 , 3.07943
0 , -10.9837 , 3.04598
0 , -10.7925 , 3.01254
0 , -10.6012 , 2.97909
0 , -10.41 , 2.94564
0 , -10.2188 , 2.91219
0 , -10.0275 , 2.87874
0 , 10.0537 , 2.88333
0 , 10.245 , 2.91678
0 , 10.4362 , 2.95023
0 , 10.6275 , 2.98368
0 , 10.8187 , 3.01712
0 , 11.01 , 3.05057
0 , 11.2012 , 3.08402
0 , 11.3925 , 3.11747
0 , 11.5837 , 3.15092
0 , 11.775 , 3.18437
0 , 11.9662 , 3.21781
0 , 12.1575 , 3.25126
0 , 12.3487 , 3.28471
0 , 12.54 , 3.31816
0 , 12.7312 , 3.35161
0 , 12.9225 , 3.38506
0 , 13.1137 , 3.4185
0 , 13.305 , 3.45195
0 , 13.4962 , 3.4854
0 , 13.6875 , 3.51885
0 , 13.8787 , 3.5523
0 , 14.07 , 3.58575
0 , 14.2612 , 3.61919
0 , 14.4525 , 3.65264
0 , 14.6437 , 3.68609
0 , 14.835 , 3.71954
0.5 , -14.8088 , 3.71643
0.5 , -14.6175 , 3.683
0.5 , -14.4263 , 3.64957
0.5 , -14.235 , 3.61614
0.5 , -14.0437 , 3.58271
0.5 , -13.8525 , 3.54929
0.5 , -13.6613 , 3.51586
0.5 , -13.47 , 3.48243
0.5 , -13.2788 , 3.44901
0.5 , -13.0875 , 3.41559
0.5 , -12.8962 , 3.38216
0.5 , -12.705 , 3.34874
0.5 , -12.5138 , 3.31532
0.5 , -12.3225 , 3.2819
0.5 , -12.1313 , 3.24848
0.5 , -11.94 , 3.21506
0.5 , -11.7487 , 3.18164
0.5 , -11.5575 , 3.14822
0.5 , -11.3662 , 3.1148
0.5 , -11.175 , 3.08139
0.5 , -10.9837 , 3.04797
0.5 , -10.7925 , 3.01456
0.5 , -10.6012 , 2.98115
0.5 , -10.41 , 2.94774
0.5 , -10.2188 , 2.91433
0.5 , -10.0275 , 2.88092
0.5 , 10.0537 , 2.8855
0.5 , 10.245 , 2.91891
0.5 , 10.4362 , 2.95232
0.5 , 10.6275 , 2.98573
0.5 , 10.8187 , 3.01914
0.5 , 11.01 , 3.05256
0.5 , 11.2012 , 3.08597
0.5 , 11.3925 , 3.11939
0.5 , 11.5837 , 3.1528
0.5 , 11.775 , 3.18622
0.5 , 11.9662 , 3.21964
0.5 , 12.1575 , 3.25306
0.5 , 12.3487 , 3.28648
0.5 , 12.54 , 3.3199
0.5 , 12.7312 , 3.35332
0.5 , 12.9225 , 3.38675
0.5 , 13.1137 , 3.42017
0.5 , 13.305 , 3.45359
0.5 , 13.4962 , 3.48702
0.5 , 13.6875 , 3.52045
0.5 , 13.8787 , 3.55387
0.5 , 14.07 , 3.5873
0.5 , 14.2612 , 3.62073
0.5 , 14.4525 , 3.65415
0.5 , 14.6437 , 3.68758
0.5 , 14.835 , 3.72101
1 , -14.8088 , 3.72085
1 , -14.6175 , 3.68748
1 , -14.4263 , 3.65411
1 , -14.235 , 3.62074
1 , -14.0437 , 3.58738
1 , -13.8525 , 3.55401
1 , -13.6613 , 3.52065
1 , -13.47 , 3.4873
1 , -13.2788 , 3.45394
1 , -13.0875 , 3.42059
1 , -12.8962 , 3.38724
1 , -12.705 , 3.35389
1 , -12.5138 , 3.32055
1 , -12.3225 , 3.28721
1 , -12.1313 , 3.25387
1 , -11.94 , 3.22054
1 , -11.7487 , 3.18721
1 , -11.5575 , 3.15388
1 , -11.3662 , 3.12056
1 , -11.175 , 3.08724
1 , -10.9837 , 3.05393
1 , -10.7925 , 3.02062
1 , -10.6012 , 2.98732
1 , -10.41 , 2.95402
1 , -10.2188 , 2.92073
1 , -10.0275 , 2.88744
1 , 10.0537 , 2.89201
1 , 10.245 , 2.92529
1 , 10.4362 , 2.95859
1 , 10.6275 , 2.99189
1 , 10.8187 , 3.02519
1 , 11.01 , 3.0585
1 , 11.2012 , 3.09181
1 , 11.3925 , 3.12513
1 , 11.5837 , 3.15845
1 , 11.775 , 3.19178
1 , 11.9662 , 3.22511
1 , 12.1575 , 3.25844
1 , 12.3487 , 3.29178
1 , 12.54 , 3.32512
1 , 12.7312 , 3.35846
1 , 12.9225 , 3.39181
1 , 13.1137 , 3.42516
1 , 13.305 , 3.45851
1 , 13.4962 , 3.49187
1 , 13.6875 , 3.52523
1 , 13.8787 , 3.55859
1 , 14.07 , 3.59195
1 , 14.2612 , 3.62532
1 , 14.4525 , 3.65868
1 , 14.6437 , 3.69205
1 , 14.835 , 3.72543
1.5 , -14.8088 , 3.7282
1.5 , -14.6175 , 3.69493
1.5 , -14.4263 , 3.66166
1.5 , -14.235 , 3.62839
1.5 , -14.0437 , 3.59513
1.5 , -13.8525 , 3.56187
1.5 , -13.6613 , 3.52862
1.5 , -13.47 , 3.49537
1.5 , -13.2788 , 3.46213
1.5 , -13.0875 , 3.4289
1.5 , -12.8962 , 3.39567
1.5 , -12.705 , 3.36245
1.5 , -12.5138 , 3.32924
1.5 , -12.3225 , 3.29603
1.5 , -12.1313 , 3.26283
1.5 , -11.94 , 3.22964
1.5 , -11.7487 , 3.19646
1.5 , -11.5575 , 3.16328
1.5 , -11.3662 , 3.13012
1.5 , -11.175 , 3.09696
1.5 , -10.9837 , 3.06381
1.5 , -10.7925 , 3.03068
1.5 , -10.6012 , 2.99755
1.5 , -10.41 , 2.96444
1.5 , -10.2188 , 2.93134
1.5 , -10.0275 , 2.89826
1.5 , 10.0537 , 2.90279
1.5 , 10.245 , 2.93588
1.5 , 10.4362 , 2.96898
1.5 , 10.6275 , 3.0021
1.5 , 10.8187 , 3.03522
1.5 , 11.01 , 3.06836
1.5 , 11.2012 , 3.10151
1.5 , 11.3925 , 3.13467
1.5 , 11.5837 , 3.16783
1.5 , 11.775 , 3.20101
1.5 , 11.9662 , 3.23419
1.5 , 12.1575 , 3.26738
1.5 , 12.3487 , 3.30059
1.5 , 12.54 , 3.33379
1.5 , 12.7312 , 3.36701
1.5 , 12.9225 , 3.40023
1.5 , 13.1137 , 3.43346
1.5 , 13.305 , 3.46669
1.5 , 13.4962 , 3.49993
1.5 , 13.6875 , 3.53318
1.5 , 13.8787 , 3.56643
1.5 , 14.07 , 3.59969
1.5 , 14.2612 , 3.63295
1.5 , 14.4525 , 3.66622
1.5 , 14.6437 , 3.69949
1.5 , 14.835 , 3.73277
2 , -14.8088 , 3.73846
2 , -14.6175 , 3.70532
2 , -14.4263 , 3.67219
2 , -14.235 , 3.63906
2 , -14.0437 , 3.60594
2 , -13.8525 , 3.57283
2 , -13.6613 , 3.53973
2 , -13.47 , 3.50664
2 , -13.2788 , 3.47356
2 , -13.0875 , 3.44049
2 , -12.8962 , 3.40743
2 , -12.705 , 3.37438
2 , -12.5138 , 3.34135
2 , -12.3225 , 3.30832
2 , -12.1313 , 3.27531
2 , -11.94 , 3.24232
2 , -11.7487 , 3.20934
2 , -11.5575 , 3.17637
2 , -11.3662 , 3.14342
2 , -11.175 , 3.11049
2 , -10.9837 , 3.07757
2 , -10.7925 , 3.04467
2 , -10.6012 , 3.01179
2 , -10.41 , 2.97894
2 , -10.2188 , 2.9461
2 , -10.0275 , 2.91328
2 , -9.83625 , 2.88049
2 , 9.86248 , 2.88499
2 , 10.0537 , 2.91778
2 , 10.245 , 2.9506
2 , 10.4362 , 2.98344
2 , 10.6275 , 3.0163
2 , 10.8187 , 3.04918
2 , 11.01 , 3.08208
2 , 11.2012 , 3.115
2 , 11.3925 , 3.14794
2 , 11.5837 , 3.18089
2 , 11.775 , 3.21386
2 , 11.9662 , 3.24684
2 , 12.1575 , 3.27984
2 , 12.3487 , 3.31285
2 , 12.54 , 3.34588
2 , 12.7312 , 3.37891
2 , 12.9225 , 3.41196
2 , 13.1137 , 3.44502
2 , 13.305 , 3.47809
2 , 13.4962 , 3.51118
2 , 13.6875 , 3.54427
2 , 13.8787 , 3.57737
2 , 14.07 , 3.61048
2 , 14.2612 , 3.6436
2 , 14.4525 , 3.67673
2 , 14.6437 , 3.70987
2 , 14.835 , 3.74301
2.5 , -14.6175 , 3.71862
2.5 , -14.4263 , 3.68566
2.5 , -14.235 , 3.65271
2.5 , -14.0437 , 3.61977
2.5 , -13.8525 , 3.58685
2.5 , -13.6613 , 3.55394
2.5 , -13.47 , 3.52104
2.5 , -13.2788 , 3.48816
2.5 , -13.0875 , 3.4553
2.5 , -12.8962 , 3.42246
2.5 , -12.705 , 3.38963
2.5 , -12.5138 , 3.35682
2.5 , -12.3225 , 3.32403
2.5 , -12.1313 , 3.29126
2.5 , -11.94 , 3.25851
2.5 , -11.7487 , 3.22578
2.5 , -11.5575 , 3.19308
2.5 , -11.3662 , 3.1604
2.5 , -11.175 , 3.12774
2.5 , -10.9837 , 3.09511
2.5 , -10.7925 , 3.06251
2.5 , -10.6012 , 3.02994
2.5 , -10.41 , 2.9974
2.5 , -10.2188 , 2.9649
2.5 , -10.0275 , 2.93243
2.5 , -9.83625 , 2.89999
2.5 , 9.86248 , 2.90444
2.5 , 10.0537 , 2.93688
2.5 , 10.245 , 2.96935
2.5 , 10.4362 , 3.00187
2.5 , 10.6275 , 3.03441
2.5 , 10.8187 , 3.06698
2.5 , 11.01 , 3.09959
2.5 , 11.2012 , 3.13222
2.5 , 11.3925 , 3.16488
2.5 , 11.5837 , 3.19756
2.5 , 11.775 , 3.23027
2.5 , 11.9662 , 3.263
2.5 , 12.1575 , 3.29575
2.5 , 12.3487 , 3.32852
2.5 , 12.54 , 3.36132
2.5 , 12.7312 , 3.39413
2.5 , 12.9225 , 3.42696
2.5 , 13.1137 , 3.45981
2.5 , 13.305 , 3.49267
2.5 , 13.4962 , 3.52555
2.5 , 13.6875 , 3.55845
2.5 , 13.8787 , 3.59136
2.5 , 14.07 , 3.62429
2.5 , 14.2612 , 3.65723
2.5 , 14.4525 , 3.69018
2.5 , 14.6437 , 3.72314
3 , -14.6175 , 3.73479
3 , -14.4263 , 3.70203
3 , -14.235 , 3.66929
3 , -14.0437 , 3.63657
3 , -13.8525 , 3.60387
3 , -13.6613 , 3.57119
3 , -13.47 , 3.53853
3 , -13.2788 , 3.5059
3 , -13.0875 , 3.47328
3 , -12.8962 , 3.44069
3 , -12.705 , 3.40812
3 , -12.5138 , 3.37558
3 , -12.3225 , 3.34307
3 , -12.1313 , 3.31059
3 , -11.94 , 3.27813
3 , -11.7487 , 3.24571
3 , -11.5575 , 3.21332
3 , -11.3662 , 3.18096
3 , -11.175 , 3.14863
3 , -10.9837 , 3.11635
3 , -10.7925 , 3.0841
3 , -10.6012 , 3.0519
3 , -10.41 , 3.01973
3 , -10.2188 , 2.98762
3 , -10.0275 , 2.95555
3 , -9.83625 , 2.92353
3 , -9.645 , 2.89156
3 , 9.67123 , 2.89594
3 , 9.86248 , 2.92792
3 , 10.0537 , 2.95994
3 , 10.245 , 2.99202
3 , 10.4362 , 3.02414
3 , 10.6275 , 3.05631
3 , 10.8187 , 3.08852
3 , 11.01 , 3.12077
3 , 11.2012 , 3.15307
3 , 11.3925 , 3.18539
3 , 11.5837 , 3.21776
3 , 11.775 , 3.25015
3 , 11.9662 , 3.28258
3 , 12.1575 , 3.31504
3 , 12.3487 , 3.34753
3 , 12.54 , 3.38005
3 , 12.7312 , 3.41259
3 , 12.9225 , 3.44516
3 , 13.1137 , 3.47775
3 , 13.305 , 3.51037
3 , 13.4962 , 3.54301
3 , 13.6875 , 3.57567
3 , 13.8787 , 3.60836
3 , 14.07 , 3.64106
3 , 14.2612 , 3.67378
3 , 14.4525 , 3.70652
3 , 14.6437 , 3.73928
3.5 , -14.4263 , 3.72125
3.5 , -14.235 , 3.68875
3.5 , -14.0437 , 3.65629
3.5 , -13.8525 , 3.62384
3.5 , -13.6613 , 3.59143
3.5 , -13.47 , 3.55904
3.5 , -13.2788 , 3.52668
3.5 , -13.0875 , 3.49435
3.5 , -12.8962 , 3.46206
3.5 , -12.705 , 3.42979
3.5 , -12.5138 , 3.39756
3.5 , -12.3225 , 3.36537
3.5 , -12.1313 , 3.33321
3.5 , -11.94 , 3.30109
3.5 , -11.7487 , 3.26902
3.5 , -11.5575 , 3.23698
3.5 , -11.3662 , 3.20499
3.5 , -11.175 , 3.17305
3.5 , -10.9837 , 3.14115
3.5 , -10.7925 , 3.10931
3.5 , -10.6012 , 3.07752
3.5 , -10.41 , 3.04579
3.5 , -10.2188 , 3.01411
3.5 , -10.0275 , 2.9825
3.5 , -9.83625 , 2.95095
3.5 , -9.645 , 2.91948
3.5 , -9.45375 , 2.88807
3.5 , 9.47998 , 2.89237
3.5 , 9.67123 , 2.92379
3.5 , 9.86248 , 2.95528
3.5 , 10.0537 , 2.98683
3.5 , 10.245 , 3.01845
3.5 , 10.4362 , 3.05014
3.5 , 10.6275 , 3.08188
3.5 , 10.8187 , 3.11368
3.5 , 11.01 , 3.14553
3.5 , 11.2012 , 3.17743
3.5 , 11.3925 , 3.20938
3.5 , 11.5837 , 3.24137
3.5 , 11.775 , 3.27341
3.5 , 11.9662 , 3.3055
3.5 , 12.1575 , 3.33762
3.5 , 12.3487 , 3.36978
3.5 , 12.54 , 3.40198
3.5 , 12.7312 , 3.43422
3.5 , 12.9225 , 3.46648
3.5 , 13.1137 , 3.49879
3.5 , 13.305 , 3.53112
3.5 , 13.4962 , 3.56348
3.5 , 13.6875 , 3.59587
3.5 , 13.8787 , 3.62829
3.5 , 14.07 , 3.66074
3.5 , 14.2612 , 3.69321
3.5 , 14.4525 , 3.72571
4 , -14.4263 , 3.74324
4 , -14.235 , 3.71103
4 , -14.0437 , 3.67884
4 , -13.8525 , 3.64669
4 , -13.6613 , 3.61457
4 , -13.47 , 3.58249
4 , -13.2788 , 3.55044
4 , -13.0875 , 3.51844
4 , -12.8962 , 3.48647
4 , -12.705 , 3.45454
4 , -12.5138 , 3.42266
4 , -12.3225 , 3.39082
4 , -12.1313 , 3.35903
4 , -11.94 , 3.32729
4 , -11.7487 , 3.2956
4 , -11.5575 , 3.26397
4 , -11.3662 , 3.23238
4 , -11.175 , 3.20086
4 , -10.9837 , 3.1694
4 , -10.7925 , 3.13801
4 , -10.6012 , 3.10668
4 , -10.41 , 3.07542
4 , -10.2188 , 3.04423
4 , -10.0275 , 3.01312
4 , -9.83625 , 2.9821
4 , -9.645 , 2.95116
4 , -9.45375 , 2.92031
4 , -9.2625 , 2.88955
4 , 9.28873 , 2.89376
4 , 9.47998 , 2.92453
4 , 9.67123 , 2.9554
4 , 9.86248 , 2.98635
4 , 10.0537 , 3.01739
4 , 10.245 , 3.04851
4 , 10.4362 , 3.0797
4 , 10.6275 , 3.11097
4 , 10.8187 , 3.14231
4 , 11.01 , 3.17371
4 , 11.2012 , 3.20518
4 , 11.3925 , 3.23671
4 , 11.5837 , 3.2683
4 , 11.775 , 3.29995
4 , 11.9662 , 3.33164
4 , 12.1575 , 3.36339
4 , 12.3487 , 3.39519
4 , 12.54 , 3.42703
4 , 12.7312 , 3.45892
4 , 12.9225 , 3.49085
4 , 13.1137 , 3.52282
4 , 13.305 , 3.55484
4 , 13.4962 , 3.58689
4 , 13.6875 , 3.61898
4 , 13.8787 , 3.6511
4 , 14.07 , 3.68326
4 , 14.2612 , 3.71544
4 , 14.4525 , 3.74767
4.5 , -14.235 , 3.73604
4.5 , -14.0437 , 3.70417
4.5 , -13.8525 , 3.67234
4.5 , -13.6613 , 3.64055
4.5 , -13.47 , 3.6088
4.5 , -13.2788 , 3.5771
4.5 , -13.0875 , 3.54544
4.5 , -12.8962 , 3.51383
4.5 , -12.705 , 3.48228
4.5 , -12.5138 , 3.45078
4.5 , -12.3225 , 3.41933
4.5 , -12.1313 , 3.38794
4.5 , -11.94 , 3.35661
4.5 , -11.7487 , 3.32534
4.5 , -11.5575 , 3.29414
4.5 , -11.3662 , 3.26301
4.5 , -11.175 , 3.23194
4.5 , -10.9837 , 3.20095
4.5 , -10.7925 , 3.17004
4.5 , -10.6012 , 3.13921
4.5 , -10.41 , 3.10846
4.5 , -10.2188 , 3.07781
4.5 , -10.0275 , 3.04724
4.5 , -9.83625 , 3.01677
4.5 , -9.645 , 2.98641
4.5 , -9.45375 , 2.95615
4.5 , -9.2625 , 2.92601
4.5 , -9.07125 , 2.89598
4.5 , 9.09748 , 2.9001
4.5 , 9.28873 , 2.93014
4.5 , 9.47998 , 2.9603
4.5 , 9.67123 , 2.99057
4.5 , 9.86248 , 3.02095
4.5 , 10.0537 , 3.05143
4.5 , 10.245 , 3.08201
4.5 , 10.4362 , 3.11268
4.5 , 10.6275 , 3.14343
4.5 , 10.8187 , 3.17428
4.5 , 11.01 , 3.2052
4.5 , 11.2012 , 3.2362
4.5 , 11.3925 , 3.26727
4.5 , 11.5837 , 3.29842
4.5 , 11.775 , 3.32963
4.5 , 11.9662 , 3.3609
4.5 , 12.1575 , 3.39224
4.5 , 12.3487 , 3.42364
4.5 , 12.54 , 3.4551
4.5 , 12.7312 , 3.4866
4.5 , 12.9225 , 3.51817
4.5 , 13.1137 , 3.54978
4.5 , 13.305 , 3.58144
4.5 , 13.4962 , 3.61315
4.5 , 13.6875 , 3.6449
4.5 , 13.8787 , 3.6767
4.5 , 14.07 , 3.70854
4.5 , 14.2612 , 3.74042
5 , -14.0437 , 3.73218
5 , -13.8525 , 3.7007
5 , -13.6613 , 3.66926
5 , -13.47 , 3.63788
5 , -13.2788 , 3.60655
5 , -13.0875 , 3.57527
5 , -12.8962 , 3.54405
5 , -12.705 , 3.5129
5 , -12.5138 , 3.48181
5 , -12.3225 , 3.45078
5 , -12.1313 , 3.41982
5 , -11.94 , 3.38893
5 , -11.7487 , 3.35811
5 , -11.5575 , 3.32738
5 , -11.3662 , 3.29672
5 , -11.175 , 3.26614
5 , -10.9837 , 3.23566
5 , -10.7925 , 3.20526
5 , -10.6012 , 3.17496
5 , -10.41 , 3.14476
5 , -10.2188 , 3.11466
5 , -10.0275 , 3.08467
5 , -9.83625 , 3.05479
5 , -9.645 , 3.02504
5 , -9.45375 , 2.9954
5 , -9.2625 , 2.9659
5 , -9.07125 , 2.93654
5 , -8.88 , 2.90732
5 , -8.68875 , 2.87825
5 , 8.71498 , 2.88223
5 , 8.90623 , 2.91132
5 , 9.09748 , 2.94056
5 , 9.28873 , 2.96994
5 , 9.47998 , 2.99946
5 , 9.67123 , 3.02911
5 , 9.86248 , 3.05888
5 , 10.0537 , 3.08878
5 , 10.245 , 3.11878
5 , 10.4362 , 3.14889
5 , 10.6275 , 3.17911
5 , 10.8187 , 3.20942
5 , 11.01 , 3.23983
5 , 11.2012 , 3.27033
5 , 11.3925 , 3.30092
5 , 11.5837 , 3.33159
5 , 11.775 , 3.36234
5 , 11.9662 , 3.39316
5 , 12.1575 , 3.42406
5 , 12.3487 , 3.45503
5 , 12.54 , 3.48607
5 , 12.7312 , 3.51717
5 , 12.9225 , 3.54833
5 , 13.1137 , 3.57956
5 , 13.305 , 3.61084
5 , 13.4962 , 3.64218
5 , 13.6875 , 3.67357
5 , 13.8787 , 3.70501
5 , 14.07 , 3.7365
5.5 , -13.8525 , 3.73168
5.5 , -13.6613 , 3.70062
5.5 , -13.47 , 3.66963
5.5 , -13.2788 , 3.63869
5.5 , -13.0875 , 3.60782
5.5 , -12.8962 , 3.57702
5.5 , -12.705 , 3.54629
5.5 , -12.5138 , 3.51563
5.5 , -12.3225 , 3.48505
5.5 , -12.1313 , 3.45454
5.5 , -11.94 , 3.42412
5.5 , -11.7487 , 3.39379
5.5 , -11.5575 , 3.36354
5.5 , -11.3662 , 3.33338
5.5 , -11.175 , 3.30332
5.5 , -10.9837 , 3.27336
5.5 , -10.7925 , 3.24351
5.5 , -10.6012 , 3.21376
5.5 , -10.41 , 3.18413
5.5 , -10.2188 , 3.15461
5.5 , -10.0275 , 3.12522
5.5 , -9.83625 , 3.09596
5.5 , -9.645 , 3.06684
5.5 , -9.45375 , 3.03785
5.5 , -9.2625 , 3.00901
5.5 , -9.07125 , 2.98033
5.5 , -8.88 , 2.95181
5.5 , -8.68875 , 2.92346
5.5 , -8.4975 , 2.89529
5.5 , 8.52374 , 2.89915
5.5 , 8.71498 , 2.92734
5.5 , 8.90623 , 2.95572
5.5 , 9.09748 , 2.98426
5.5 , 9.28873 , 3.01296
5.5 , 9.47998 , 3.04182
5.5 , 9.67123 , 3.07082
5.5 , 9.86248 , 3.09997
5.5 , 10.0537 , 3.12925
5.5 , 10.245 , 3.15865
5.5 , 10.4362 , 3.18818
5.5 , 10.6275 , 3.21783
5.5 , 10.8187 , 3.24759
5.5 , 11.01 , 3.27746
5.5 , 11.2012 , 3.30744
5.5 , 11.3925 , 3.33751
5.5 , 11.5837 , 3.36768
5.5 , 11.775 , 3.39794
5.5 , 11.9662 , 3.42829
5.5 , 12.1575 , 3.45872
5.5 , 12.3487 , 3.48924
5.5 , 12.54 , 3.51983
5.5 , 12.7312 , 3.5505
5.5 , 12.9225 , 3.58124
5.5 , 13.1137 , 3.61205
5.5 , 13.305 , 3.64293
5.5 , 13.4962 , 3.67388
5.5 , 13.6875 , 3.70488
5.5 , 13.8787 , 3.73595
6 , -13.6613 , 3.73454
6 , -13.47 , 3.70395
6 , -13.2788 , 3.67344
6 , -13.0875 , 3.64299
6 , -12.8962 , 3.61263
6 , -12.705 , 3.58234
6 , -12.5138 , 3.55214
6 , -12.3225 , 3.52202
6 , -12.1313 , 3.49199
6 , -11.94 , 3.46206
6 , -11.7487 , 3.43222
6 , -11.5575 , 3.40248
6 , -11.3662 , 3.37285
6 , -11.175 , 3.34332
6 , -10.9837 , 3.31391
6 , -10.7925 , 3.28462
6 , -10.6012 , 3.25545
6 , -10.41 , 3.2264
6 , -10.2188 , 3.19749
6 , -10.0275 , 3.16871
6 , -9.83625 , 3.14008
6 , -9.645 , 3.11161
6 , -9.45375 , 3.08328
6 , -9.2625 , 3.05513
6 , -9.07125 , 3.02714
6 , -8.88 , 2.99933
6 , -8.68875 , 2.97171
6 , -8.4975 , 2.94429
6 , -8.30625 , 2.91707
6 , -8.115 , 2.89006
6 , 8.14124 , 2.89376
6 , 8.33249 , 2.92079
6 , 8.52374 , 2.94804
6 , 8.71498 , 2.97549
6 , 8.90623 , 3.00314
6 , 9.09748 , 3.03097
6 , 9.28873 , 3.05898
6 , 9.47998 , 3.08716
6 , 9.67123 , 3.1155
6 , 9.86248 , 3.144
6 , 10.0537 , 3.17265
6 , 10.245 , 3.20145
6 , 10.4362 , 3.23038
6 , 10.6275 , 3.25944
6 , 10.8187 , 3.28863
6 , 11.01 , 3.31794
6 , 11.2012 , 3.34737
6 , 11.3925 , 3.37691
6 , 11.5837 , 3.40656
6 , 11.775 , 3.43631
6 , 11.9662 , 3.46616
6 , 12.1575 , 3.49611
6 , 12.3487 , 3.52615
6 , 12.54 , 3.55628
6 , 12.7312 , 3.58649
6 , 12.9225 , 3.61679
6 , 13.1137 , 3.64716
6 , 13.305 , 3.67762
6 , 13.4962 , 3.70815
6 , 13.6875 , 3.73875
6.5 , -13.47 , 3.74076
6.5 , -13.2788 , 3.71067
6.5 , -13.0875 , 3.68067
6.5 , -12.8962 , 3.65076
6.5 , -12.705 , 3.62094
6.5 , -12.5138 , 3.59121
6.5 , -12.3225 , 3.56157
6.5 , -12.1313 , 3.53204
6.5 , -11.94 , 3.50261
6.5 , -11.7487 , 3.47328
6.5 , -11.5575 , 3.44407
6.5 , -11.3662 , 3.41498
6.5 , -11.175 , 3.386
6.5 , -10.9837 , 3.35715
6.5 , -10.7925 , 3.32843
6.5 , -10.6012 , 3.29985
6.5 , -10.41 , 3.27141
6.5 , -10.2188 , 3.24311
6.5 , -10.0275 , 3.21496
6.5 , -9.83625 , 3.18697
6.5 , -9.645 , 3.15915
6.5 , -9.45375 , 3.1315
6.5 , -9.2625 , 3.10403
6.5 , -9.07125 , 3.07675
6.5 , -8.88 , 3.04966
6.5 , -8.68875 , 3.02277
6.5 , -8.4975 , 2.99609
6.5 , -8.30625 , 2.96964
6.5 , -8.115 , 2.94341
6.5 , -7.92375 , 2.91743
6.5 , -7.7325 , 2.8917
6.5 , 7.75874 , 2.89521
6.5 , 7.94999 , 2.92098
6.5 , 8.14124 , 2.947
6.5 , 8.33249 , 2.97325
6.5 , 8.52374 , 2.99974
6.5 , 8.71498 , 3.02644
6.5 , 8.90623 , 3.05336
6.5 , 9.09748 , 3.08048
6.5 , 9.28873 , 3.10779
6.5 , 9.47998 , 3.13528
6.5 , 9.67123 , 3.16296
6.5 , 9.86248 , 3.1908
6.5 , 10.0537 , 3.21881
6.5 , 10.245 , 3.24698
6.5 , 10.4362 , 3.2753
6.5 , 10.6275 , 3.30376
6.5 , 10.8187 , 3.33237
6.5 , 11.01 , 3.3611
6.5 , 11.2012 , 3.38997
6.5 , 11.3925 , 3.41896
6.5 , 11.5837 , 3.44807
6.5 , 11.775 , 3.4773
6.5 , 11.9662 , 3.50664
6.5 , 12.1575 , 3.53608
6.5 , 12.3487 , 3.56563
6.5 , 12.54 , 3.59528
6.5 , 12.7312 , 3.62502
6.5 , 12.9225 , 3.65486
6.5 , 13.1137 , 3.68478
6.5 , 13.305 , 3.71479
6.5 , 13.4962 , 3.74489
7 , -13.0875 , 3.72075
7 , -12.8962 , 3.69131
7 , -12.705 , 3.66196
7 , -12.5138 , 3.63272
7 , -12.3225 , 3.60358
7 , -12.1313 , 3.57455
7 , -11.94 , 3.54564
7 , -11.7487 , 3.51684
7 , -11.5575 , 3.48817
7 , -11.3662 , 3.45962
7 , -11.175 , 3.43121
7 , -10.9837 , 3.40293
7 , -10.7925 , 3.3748
7 , -10.6012 , 3.34681
7 , -10.41 , 3.31897
7 , -10.2188 , 3.2913
7 , -10.0275 , 3.26379
7 , -9.83625 , 3.23645
7 , -9.645 , 3.20928
7 , -9.45375 , 3.18231
7 , -9.2625 , 3.15552
7 , -9.07125 , 3.12894
7 , -8.88 , 3.10257
7 , -8.68875 , 3.07641
7 , -8.4975 , 3.05048
7 , -8.30625 , 3.02478
7 , -8.115 , 2.99932
7 , -7.92375 , 2.97413
7 , -7.7325 , 2.94919
7 , -7.54125 , 2.92454
7 , -7.35 , 2.90017
7 , -7.15875 , 2.8761
7 , 7.18499 , 2.87938
7 , 7.37624 , 2.90349
7 , 7.56749 , 2.9279
7 , 7.75874 , 2.9526
7 , 7.94999 , 2.97757
7 , 8.14124 , 3.0028
7 , 8.33249 , 3.02829
7 , 8.52374 , 3.05402
7 , 8.71498 , 3.07998
7 , 8.90623 , 3.10617
7 , 9.09748 , 3.13258
7 , 9.28873 , 3.15919
7 , 9.47998 , 3.186
7 , 9.67123 , 3.213
7 , 9.86248 , 3.24019
7 , 10.0537 , 3.26755
7 , 10.245 , 3.29508
7 , 10.4362 , 3.32278
7 , 10.6275 , 3.35064
7 , 10.8187 , 3.37865
7 , 11.01 , 3.4068
7 , 11.2012 , 3.4351
7 , 11.3925 , 3.46353
7 , 11.5837 , 3.49209
7 , 11.775 , 3.52078
7 , 11.9662 , 3.5496
7 , 12.1575 , 3.57852
7 , 12.3487 , 3.60757
7 , 12.54 , 3.63672
7 , 12.7312 , 3.66598
7 , 12.9225 , 3.69534
7 , 13.1137 , 3.7248
7.5 , -12.8962 , 3.73415
7.5 , -12.705 , 3.7053
7.5 , -12.5138 , 3.67655
7.5 , -12.3225 , 3.64792
7.5 , -12.1313 , 3.61941
7.5 , -11.94 , 3.59102
7.5 , -11.7487 , 3.56276
7.5 , -11.5575 , 3.53463
7.5 , -11.3662 , 3.50664
7.5 , -11.175 , 3.4788
7.5 , -10.9837 , 3.4511
7.5 , -10.7925 , 3.42355
7.5 , -10.6012 , 3.39617
7.5 , -10.41 , 3.36894
7.5 , -10.2188 , 3.34189
7.5 , -10.0275 , 3.31502
7.5 , -9.83625 , 3.28832
7.5 , -9.645 , 3.26182
7.5 , -9.45375 , 3.23552
7.5 , -9.2625 , 3.20942
7.5 , -9.07125 , 3.18353
7.5 , -8.88 , 3.15786
7.5 , -8.68875 , 3.13242
7.5 , -8.4975 , 3.10722
7.5 , -8.30625 , 3.08227
7.5 , -8.115 , 3.05758
7.5 , -7.92375 , 3.03315
7.5 , -7.7325 , 3.009
7.5 , -7.54125 , 2.98513
7.5 , -7.35 , 2.96157
7.5 , -7.15875 , 2.93831
7.5 , -6.9675 , 2.91538
7.5 , -6.77625 , 2.89279
7.5 , 6.80249 , 2.89586
7.5 , 6.99374 , 2.91851
7.5 , 7.18499 , 2.94148
7.5 , 7.37624 , 2.96478
7.5 , 7.56749 , 2.98839
7.5 , 7.75874 , 3.01229
7.5 , 7.94999 , 3.03648
7.5 , 8.14124 , 3.06095
7.5 , 8.33249 , 3.08568
7.5 , 8.52374 , 3.11067
7.5 , 8.71498 , 3.1359
7.5 , 8.90623 , 3.16137
7.5 , 9.09748 , 3.18707
7.5 , 9.28873 , 3.21298
7.5 , 9.47998 , 3.23911
7.5 , 9.67123 , 3.26544
7.5 , 9.86248 , 3.29197
7.5 , 10.0537 , 3.31869
7.5 , 10.245 , 3.34559
7.5 , 10.4362 , 3.37267
7.5 , 10.6275 , 3.39991
7.5 , 10.8187 , 3.42732
7.5 , 11.01 , 3.45489
7.5 , 11.2012 , 3.48261
7.5 , 11.3925 , 3.51047
7.5 , 11.5837 , 3.53848
7.5 , 11.775 , 3.56663
7.5 , 11.9662 , 3.5949
7.5 , 12.1575 , 3.62331
7.5 , 12.3487 , 3.65184
7.5 , 12.54 , 3.68048
7.5 , 12.7312 , 3.70925
7.5 , 12.9225 , 3.73812
8 , -12.5138 , 3.72259
8 , -12.3225 , 3.69447
8 , -12.1313 , 3.66648
8 , -11.94 , 3.63862
8 , -11.7487 , 3.6109
8 , -11.5575 , 3.58333
8 , -11.3662 , 3.5559
8 , -11.175 , 3.52863
8 , -10.9837 , 3.50151
8 , -10.7925 , 3.47455
8 , -10.6012 , 3.44777
8 , -10.41 , 3.42116
8 , -10.2188 , 3.39473
8 , -10.0275 , 3.36848
8 , -9.83625 , 3.34244
8 , -9.645 , 3.31659
8 , -9.45375 , 3.29095
8 , -9.2625 , 3.26552
8 , -9.07125 , 3.24032
8 , -8.88 , 3.21535
8 , -8.68875 , 3.19063
8 , -8.4975 , 3.16614
8 , -8.30625 , 3.14192
8 , -8.115 , 3.11796
8 , -7.92375 , 3.09428
8 , -7.7325 , 3.07089
8 , -7.54125 , 3.0478
8 , -7.35 , 3.02501
8 , -7.15875 , 3.00254
8 , -6.9675 , 2.9804
8 , -6.77625 , 2.95861
8 , -6.585 , 2.93717
8 , -6.39375 , 2.9161
8 , -6.2025 , 2.89541
8 , -6.01125 , 2.87511
8 , 6.03749 , 2.87787
8 , 6.22874 , 2.89822
8 , 6.41999 , 2.91897
8 , 6.61124 , 2.94009
8 , 6.80249 , 2.96158
8 , 6.99374 , 2.98342
8 , 7.18499 , 3.0056
8 , 7.37624 , 3.02812
8 , 7.56749 , 3.05095
8 , 7.75874 , 3.07408
8 , 7.94999 , 3.09752
8 , 8.14124 , 3.12123
8 , 8.33249 , 3.14523
8 , 8.52374 , 3.16949
8 , 8.71498 , 3.194
8 , 8.90623 , 3.21877
8 , 9.09748 , 3.24377
8 , 9.28873 , 3.269
8 , 9.47998 , 3.29445
8 , 9.67123 , 3.32012
8 , 9.86248 , 3.346
8 , 10.0537 , 3.37207
8 , 10.245 , 3.39834
8 , 10.4362 , 3.4248
8 , 10.6275 , 3.45143
8 , 10.8187 , 3.47824
8 , 11.01 , 3.50522
8 , 11.2012 , 3.53236
8 , 11.3925 , 3.55965
8 , 11.5837 , 3.5871
8 , 11.775 , 3.6147
8 , 11.9662 , 3.64244
8 , 12.1575 , 3.67031
8 , 12.3487 , 3.69832
8 , 12.54 , 3.72645
8.5 , -12.3225 , 3.74311
8.5 , -12.1313 , 3.71565
8.5 , -11.94 , 3.68833
8.5 , -11.7487 , 3.66115
8.5 , -11.5575 , 3.63413
8.5 , -11.3662 , 3.60726
8.5 , -11.175 , 3.58056
8.5 , -10.9837 , 3.55402
8.5 , -10.7925 , 3.52765
8.5 , -10.6012 , 3.50147
8.5 , -10.41 , 3.47546
8.5 , -10.2188 , 3.44965
8.5 , -10.0275 , 3.42404
8.5 , -9.83625 , 3.39862
8.5 , -9.645 , 3.37342
8.5 , -9.45375 , 3.34844
8.5 , -9.2625 , 3.32368
8.5 , -9.07125 , 3.29915
8.5 , -8.88 , 3.27487
8.5 , -8.68875 , 3.25083
8.5 , -8.4975 , 3.22705
8.5 , -8.30625 , 3.20354
8.5 , -8.115 , 3.1803
8.5 , -7.92375 , 3.15735
8.5 , -7.7325 , 3.13469
8.5 , -7.54125 , 3.11233
8.5 , -7.35 , 3.09029
8.5 , -7.15875 , 3.06858
8.5 , -6.9675 , 3.0472
8.5 , -6.77625 , 3.02618
8.5 , -6.585 , 3.00551
8.5 , -6.39375 , 2.98521
8.5 , -6.2025 , 2.9653
8.5 , -6.01125 , 2.94578
8.5 , -5.82 , 2.92668
8.5 , -5.62875 , 2.90799
8.5 , -5.4375 , 2.88975
8.5 , 5.27249 , 2.87436
8.5 , 5.46374 , 2.89222
8.5 , 5.65499 , 2.91053
8.5 , 5.84624 , 2.92927
8.5 , 6.03749 , 2.94844
8.5 , 6.22874 , 2.96801
8.5 , 6.41999 , 2.98797
8.5 , 6.61124 , 3.00832
8.5 , 6.80249 , 3.02904
8.5 , 6.99374 , 3.05012
8.5 , 7.18499 , 3.07154
8.5 , 7.37624 , 3.0933
8.5 , 7.56749 , 3.11538
8.5 , 7.75874 , 3.13778
8.5 , 7.94999 , 3.16048
8.5 , 8.14124 , 3.18347
8.5 , 8.33249 , 3.20675
8.5 , 8.52374 , 3.2303
8.5 , 8.71498 , 3.25411
8.5 , 8.90623 , 3.27818
8.5 , 9.09748 , 3.3025
8.5 , 9.28873 , 3.32706
8.5 , 9.47998 , 3.35185
8.5 , 9.67123 , 3.37687
8.5 , 9.86248 , 3.4021
8.5 , 10.0537 , 3.42754
8.5 , 10.245 , 3.45318
8.5 , 10.4362 , 3.47902
8.5 , 10.6275 , 3.50505
8.5 , 10.8187 , 3.53126
8.5 , 11.01 , 3.55765
8.5 , 11.2012 , 3.58421
8.5 , 11.3925 , 3.61094
8.5 , 11.5837 , 3.63783
8.5 , 11.775 , 3.66487
8.5 , 11.9662 , 3.69207
8.5 , 12.1575 , 3.71941
8.5 , 12.3487 , 3.74689
9 , -11.94 , 3.74001
9 , -11.7487 , 3.71338
9 , -11.5575 , 3.68691
9 , -11.3662 , 3.6606
9 , -11.175 , 3.63446
9 , -10.9837 , 3.6085
9 , -10.7925 , 3.58272
9 , -10.6012 , 3.55713
9 , -10.41 , 3.53173
9 , -10.2188 , 3.50652
9 , -10.0275 , 3.48153
9 , -9.83625 , 3.45674
9 , -9.645 , 3.43217
9 , -9.45375 , 3.40783
9 , -9.2625 , 3.38372
9 , -9.07125 , 3.35986
9 , -8.88 , 3.33624
9 , -8.68875 , 3.31288
9 , -8.4975 , 3.28978
9 , -8.30625 , 3.26695
9 , -8.115 , 3.24441
9 , -7.92375 , 3.22216
9 , -7.7325 , 3.20021
9 , -7.54125 , 3.17857
9 , -7.35 , 3.15725
9 , -7.15875 , 3.13626
9 , -6.9675 , 3.11561
9 , -6.77625 , 3.09531
9 , -6.585 , 3.07537
9 , -6.39375 , 3.05581
9 , -6.2025 , 3.03663
9 , -6.01125 , 3.01785
9 , -5.82 , 2.99948
9 , -5.62875 , 2.98153
9 , -5.4375 , 2.96401
9 , -5.24625 , 2.94694
9 , -5.055 , 2.93033
9 , -4.86375 , 2.91419
9 , -4.6725 , 2.89853
9 , -4.48125 , 2.88337
9 , 4.50749 , 2.88542
9 , 4.69874 , 2.90065
9 , 4.88999 , 2.91637
9 , 5.08124 , 2.93258
9 , 5.27249 , 2.94926
9 , 5.46374 , 2.96639
9 , 5.65499 , 2.98397
9 , 5.84624 , 3.00198
9 , 6.03749 , 3.0204
9 , 6.22874 , 3.03924
9 , 6.41999 , 3.05847
9 , 6.61124 , 3.07808
9 , 6.80249 , 3.09807
9 , 6.99374 , 3.11842
9 , 7.18499 , 3.13911
9 , 7.37624 , 3.16015
9 , 7.56749 , 3.18152
9 , 7.75874 , 3.2032
9 , 7.94999 , 3.22519
9 , 8.14124 , 3.24749
9 , 8.33249 , 3.27007
9 , 8.52374 , 3.29293
9 , 8.71498 , 3.31606
9 , 8.90623 , 3.33946
9 , 9.09748 , 3.36312
9 , 9.28873 , 3.38702
9 , 9.47998 , 3.41116
9 , 9.67123 , 3.43553
9 , 9.86248 , 3.46013
9 , 10.0537 , 3.48494
9 , 10.245 , 3.50997
9 , 10.4362 , 3.5352
9 , 10.6275 , 3.56063
9 , 10.8187 , 3.58625
9 , 11.01 , 3.61205
9 , 11.2012 , 3.63804
9 , 11.3925 , 3.6642
9 , 11.5837 , 3.69053
9 , 11.775 , 3.71702
9 , 11.9662 , 3.74368
9.5 , -11.5575 , 3.74154
9.5 , -11.3662 , 3.71579
9.5 , -11.175 , 3.69022
9.5 , -10.9837 , 3.66483
9.5 , -10.7925 , 3.63962
9.5 , -10.6012 , 3.61461
9.5 , -10.41 , 3.5898
9.5 , -10.2188 , 3.5652
9.5 , -10.0275 , 3.54081
9.5 , -9.83625 , 3.51664
9.5 , -9.645 , 3.4927
9.5 , -9.45375 , 3.46898
9.5 , -9.2625 , 3.44551
9.5 , -9.07125 , 3.42229
9.5 , -8.88 , 3.39931
9.5 , -8.68875 , 3.37661
9.5 , -8.4975 , 3.35417
9.5 , -8.30625 , 3.33201
9.5 , -8.115 , 3.31014
9.5 , -7.92375 , 3.28856
9.5 , -7.7325 , 3.26729
9.5 , -7.54125 , 3.24634
9.5 , -7.35 , 3.2257
9.5 , -7.15875 , 3.2054
9.5 , -6.9675 , 3.18545
9.5 , -6.77625 , 3.16584
9.5 , -6.585 , 3.1466
9.5 , -6.39375 , 3.12774
9.5 , -6.2025 , 3.10926
9.5 , -6.01125 , 3.09117
9.5 , -5.82 , 3.07349
9.5 , -5.62875 , 3.05623
9.5 , -5.4375 , 3.03939
9.5 , -5.24625 , 3.023
9.5 , -5.055 , 3.00706
9.5 , -4.86375 , 2.99158
9.5 , -4.6725 , 2.97658
9.5 , -4.48125 , 2.96206
9.5 , -4.29 , 2.94804
9.5 , -4.09875 , 2.93453
9.5 , -3.90751 , 2.92154
9.5 , -3.71626 , 2.90909
9.5 , -3.52501 , 2.89718
9.5 , -3.33376 , 2.88582
9.5 , -3.14251 , 2.87503
9.5 , 3.16874 , 2.87647
9.5 , 3.35999 , 2.88734
9.5 , 3.55124 , 2.89878
9.5 , 3.74249 , 2.91076
9.5 , 3.93374 , 2.92329
9.5 , 4.12499 , 2.93635
9.5 , 4.31624 , 2.94993
9.5 , 4.50749 , 2.96402
9.5 , 4.69874 , 2.97861
9.5 , 4.88999 , 2.99368
9.5 , 5.08124 , 3.00922
9.5 , 5.27249 , 3.02522
9.5 , 5.46374 , 3.04168
9.5 , 5.65499 , 3.05857
9.5 , 5.84624 , 3.07589
9.5 , 6.03749 , 3.09363
9.5 , 6.22874 , 3.11177
9.5 , 6.41999 , 3.1303
9.5 , 6.61124 , 3.14922
9.5 , 6.80249 , 3.16851
9.5 , 6.99374 , 3.18816
9.5 , 7.18499 , 3.20817
9.5 , 7.37624 , 3.22852
9.5 , 7.56749 , 3.24919
9.5 , 7.75874 , 3.27019
9.5 , 7.94999 , 3.29151
9.5 , 8.14124 , 3.31312
9.5 , 8.33249 , 3.33503
9.5 , 8.52374 , 3.35723
9.5 , 8.71498 , 3.37971
9.5 , 8.90623 , 3.40245
9.5 , 9.09748 , 3.42546
9.5 , 9.28873 , 3.44872
9.5 , 9.47998 , 3.47222
9.5 , 9.67123 , 3.49597
9.5 , 9.86248 , 3.51994
9.5 , 10.0537 , 3.54414
9.5 , 10.245 , 3.56856
9.5 , 10.4362 , 3.5932
9.5 , 10.6275 , 3.61803
9.5 , 10.8187 , 3.64307
9.5 , 11.01 , 3.6683
9.5 , 11.2012 , 3.69372
9.5 , 11.3925 , 3.71931
9.5 , 11.5837 , 3.74509
10 , -11.175 , 3.7477
10 , -10.9837 , 3.72287
10 , -10.7925 , 3.69824
10 , -10.6012 , 3.6738
10 , -10.41 , 3.64958
10 , -10.2188 , 3.62556
10 , -10.0275 , 3.60177
10 , -9.83625 , 3.5782
10 , -9.645 , 3.55486
10 , -9.45375 , 3.53176
10 , -9.2625 , 3.5089
10 , -9.07125 , 3.4863
10 , -8.88 , 3.46396
10 , -8.68875 , 3.44189
10 , -8.4975 , 3.42009
10 , -8.30625 , 3.39857
10 , -8.115 , 3.37735
10 , -7.92375 , 3.35642
10 , -7.7325 , 3.3358
10 , -7.54125 , 3.3155
10 , -7.35 , 3.29553
10 , -7.15875 , 3.27589
10 , -6.9675 , 3.25659
10 , -6.77625 , 3.23765
10 , -6.585 , 3.21907
10 , -6.39375 , 3.20086
10 , -6.2025 , 3.18303
10 , -6.01125 , 3.1656
10 , -5.82 , 3.14857
10 , -5.62875 , 3.13196
10 , -5.4375 , 3.11576
10 , -5.24625 , 3.1
10 , -5.055 , 3.08469
10 , -4.86375 , 3.06983
10 , -4.6725 , 3.05543
10 , -4.48125 , 3.04151
10 , -4.29 , 3.02808
10 , -4.09875 , 3.01514
10 , -3.90751 , 3.00271
10 , -3.71626 , 2.9908
10 , -3.52501 , 2.97941
10 , -3.33376 , 2.96856
10 , -3.14251 , 2.95826
10 , -2.95126 , 2.94851
10 , -2.76001 , 2.93932
10 , -2.56876 , 2.93071
10 , -2.37751 , 2.92268
10 , -2.18626 , 2.91524
10 , -1.99501 , 2.9084
10 , -1.80376 , 2.90216
10 , -1.61251 , 2.89652
10 , -1.42126 , 2.89151
10 , -1.23001 , 2.88711
10 , -1.03876 , 2.88334
10 , -0.847507 , 2.8802
10 , -0.656258 , 2.87769
10 , -0.465008 , 2.87582
10 , -0.273758 , 2.87459
10 , -0.0825081 , 2.87399
10 , 0.108742 , 2.87404
10 , 0.299992 , 2.87472
10 , 0.491241 , 2.87604
10 , 0.682491 , 2.878
10 , 0.873741 , 2.8806
10 , 1.06499 , 2.88382
10 , 1.25624 , 2.88768
10 , 1.44749 , 2.89216
10 , 1.63874 , 2.89726
10 , 1.82999 , 2.90298
10 , 2.02124 , 2.9093
10 , 2.21249 , 2.91623
10 , 2.40374 , 2.92375
10 , 2.59499 , 2.93186
10 , 2.78624 , 2.94055
10 , 2.97749 , 2.94981
10 , 3.16874 , 2.95964
10 , 3.35999 , 2.97002
10 , 3.55124 , 2.98094
10 , 3.74249 , 2.9924
10 , 3.93374 , 3.00439
10 , 4.12499 , 3.01689
10 , 4.31624 , 3.02989
10 , 4.50749 , 3.04339
10 , 4.69874 , 3.05738
10 , 4.88999 , 3.07184
10 , 5.08124 , 3.08676
10 , 5.27249 , 3.10214
10 , 5.46374 , 3.11796
10 , 5.65499 , 3.13421
10 , 5.84624 , 3.15088
10 , 6.03749 , 3.16797
10 , 6.22874 , 3.18546
10 , 6.41999 , 3.20333
10 , 6.61124 , 3.22159
10 , 6.80249 , 3.24022
10 , 6.99374 , 3.25922
10 , 7.18499 , 3.27856
10 , 7.37624 , 3.29825
10 , 7.56749 , 3.31827
10 , 7.75874 , 3.33861
10 , 7.94999 , 3.35927
10 , 8.14124 , 3.38024
10 , 8.33249 , 3.40151
10 , 8.52374 , 3.42306
10 , 8.71498 , 3.4449
10 , 8.90623 , 3.46701
10 , 9.09748 , 3.48939
10 , 9.28873 , 3.51202
10 , 9.47998 , 3.53491
10 , 9.67123 , 3.55805
10 , 9.86248 , 3.58142
10 , 10.0537 , 3.60502
10 , 10.245 , 3.62884
10 , 10.4362 , 3.65289
10 , 10.6275 , 3.67714
10 , 10.8187 , 3.70161
10 , 11.01 , 3.72627
10.5 , -10.6012 , 3.73458
10.5 , -10.41 , 3.71093
10.5 , -10.2188 , 3.68749
10.5 , -10.0275 , 3.66427
10.5 , -9.83625 , 3.64129
10.5 , -9.645 , 3.61854
10.5 , -9.45375 , 3.59603
10.5 , -9.2625 , 3.57378
10.5 , -9.07125 , 3.55178
10.5 , -8.88 , 3.53005
10.5 , -8.68875 , 3.50859
10.5 , -8.4975 , 3.4874
10.5 , -8.30625 , 3.46651
10.5 , -8.115 , 3.4459
10.5 , -7.92375 , 3.4256
10.5 , -7.7325 , 3.40561
10.5 , -7.54125 , 3.38593
10.5 , -7.35 , 3.36659
10.5 , -7.15875 , 3.34757
10.5 , -6.9675 , 3.32891
10.5 , -6.77625 , 3.31059
10.5 , -6.585 , 3.29263
10.5 , -6.39375 , 3.27505
10.5 , -6.2025 , 3.25785
10.5 , -6.01125 , 3.24103
10.5 , -5.82 , 3.22461
10.5 , -5.62875 , 3.2086
10.5 , -5.4375 , 3.19301
10.5 , -5.24625 , 3.17784
10.5 , -5.055 , 3.16311
10.5 , -4.86375 , 3.14883
10.5 , -4.6725 , 3.135
10.5 , -4.48125 , 3.12163
10.5 , -4.29 , 3.10874
10.5 , -4.09875 , 3.09633
10.5 , -3.90751 , 3.08442
10.5 , -3.71626 , 3.073
10.5 , -3.52501 , 3.0621
10.5 , -3.33376 , 3.05172
10.5 , -3.14251 , 3.04186
10.5 , -2.95126 , 3.03254
10.5 , -2.76001 , 3.02376
10.5 , -2.56876 , 3.01553
10.5 , -2.37751 , 3.00787
10.5 , -2.18626 , 3.00076
10.5 , -1.99501 , 2.99423
10.5 , -1.80376 , 2.98828
10.5 , -1.61251 , 2.98291
10.5 , -1.42126 , 2.97813
10.5 , -1.23001 , 2.97394
10.5 , -1.03876 , 2.97034
10.5 , -0.847507 , 2.96735
10.5 , -0.656258 , 2.96496
10.5 , -0.465008 , 2.96318
10.5 , -0.273758 , 2.962
10.5 , -0.0825081 , 2.96144
10.5 , 0.108742 , 2.96148
10.5 , 0.299992 , 2.96213
10.5 , 0.491241 , 2.96339
10.5 , 0.682491 , 2.96525
10.5 , 0.873741 , 2.96773
10.5 , 1.06499 , 2.9708
10.5 , 1.25624 , 2.97448
10.5 , 1.44749 , 2.97875
10.5 , 1.63874 , 2.98361
10.5 , 1.82999 , 2.98906
10.5 , 2.02124 , 2.99509
10.5 , 2.21249 , 3.0017
10.5 , 2.40374 , 3.00889
10.5 , 2.59499 , 3.01663
10.5 , 2.78624 , 3.02493
10.5 , 2.97749 , 3.03379
10.5 , 3.16874 , 3.04318
10.5 , 3.35999 , 3.05311
10.5 , 3.55124 , 3.06357
10.5 , 3.74249 , 3.07454
10.5 , 3.93374 , 3.08602
10.5 , 4.12499 , 3.09801
10.5 , 4.31624 , 3.11048
10.5 , 4.50749 , 3.12344
10.5 , 4.69874 , 3.13687
10.5 , 4.88999 , 3.15076
10.5 , 5.08124 , 3.16511
10.5 , 5.27249 , 3.1799
10.5 , 5.46374 , 3.19512
10.5 , 5.65499 , 3.21077
10.5 , 5.84624 , 3.22684
10.5 , 6.03749 , 3.24331
10.5 , 6.22874 , 3.26018
10.5 , 6.41999 , 3.27744
10.5 , 6.61124 , 3.29508
10.5 , 6.80249 , 3.31308
10.5 , 6.99374 , 3.33145
10.5 , 7.18499 , 3.35016
10.5 , 7.37624 , 3.36922
10.5 , 7.56749 , 3.38861
10.5 , 7.75874 , 3.40833
10.5 , 7.94999 , 3.42837
10.5 , 8.14124 , 3.44871
10.5 , 8.33249 , 3.46935
10.5 , 8.52374 , 3.49029
10.5 , 8.71498 , 3.51151
10.5 , 8.90623 , 3.53301
10.5 , 9.09748 , 3.55478
10.5 , 9.28873 , 3.57682
10.5 , 9.47998 , 3.59911
10.5 , 9.67123 , 3.62165
10.5 , 9.86248 , 3.64443
10.5 , 10.0537 , 3.66744
10.5 , 10.245 , 3.69069
10.5 , 10.4362 , 3.71416
10.5 , 10.6275 , 3.73785
11 , -10.0275 , 3.72821
11 , -9.83625 , 3.7058
11 , -9.645 , 3.68362
11 , -9.45375 , 3.6617
11 , -9.2625 , 3.64002
11 , -9.07125 , 3.61861
11 , -8.88 , 3.59746
11 , -8.68875 , 3.57659
11 , -8.4975 , 3.556
11 , -8.30625 , 3.5357
11 , -8.115 , 3.51569
11 , -7.92375 , 3.49599
11 , -7.7325 , 3.47659
11 , -7.54125 , 3.45752
11 , -7.35 , 3.43877
11 , -7.15875 , 3.42036
11 , -6.9675 , 3.40228
11 , -6.77625 , 3.38456
11 , -6.585 , 3.3672
11 , -6.39375 , 3.3502
11 , -6.2025 , 3.33358
11 , -6.01125 , 3.31735
11 , -5.82 , 3.30151
11 , -5.62875 , 3.28607
11 , -5.4375 , 3.27104
11 , -5.24625 , 3.25643
11 , -5.055 , 3.24224
11 , -4.86375 , 3.2285
11 , -4.6725 , 3.21519
11 , -4.48125 , 3.20234
11 , -4.29 , 3.18996
11 , -4.09875 , 3.17804
11 , -3.90751 , 3.1666
11 , -3.71626 , 3.15565
11 , -3.52501 , 3.14519
11 , -3.33376 , 3.13524
11 , -3.14251 , 3.12579
11 , -2.95126 , 3.11686
11 , -2.76001 , 3.10846
11 , -2.56876 , 3.10059
11 , -2.37751 , 3.09325
11 , -2.18626 , 3.08646
11 , -1.99501 , 3.08021
11 , -1.80376 , 3.07452
11 , -1.61251 , 3.06939
11 , -1.42126 , 3.06482
11 , -1.23001 , 3.06082
11 , -1.03876 , 3.05738
11 , -0.847507 , 3.05453
11 , -0.656258 , 3.05225
11 , -0.465008 , 3.05054
11 , -0.273758 , 3.04942
11 , -0.0825081 , 3.04888
11 , 0.108742 , 3.04892
11 , 0.299992 , 3.04954
11 , 0.491241 , 3.05074
11 , 0.682491 , 3.05253
11 , 0.873741 , 3.05489
11 , 1.06499 , 3.05782
11 , 1.25624 , 3.06133
11 , 1.44749 , 3.06541
11 , 1.63874 , 3.07006
11 , 1.82999 , 3.07527
11 , 2.02124 , 3.08103
11 , 2.21249 , 3.08735
11 , 2.40374 , 3.09422
11 , 2.59499 , 3.10163
11 , 2.78624 , 3.10958
11 , 2.97749 , 3.11806
11 , 3.16874 , 3.12706
11 , 3.35999 , 3.13657
11 , 3.55124 , 3.1466
11 , 3.74249 , 3.15712
11 , 3.93374 , 3.16814
11 , 4.12499 , 3.17965
11 , 4.31624 , 3.19163
11 , 4.50749 , 3.20408
11 , 4.69874 , 3.21699
11 , 4.88999 , 3.23035
11 , 5.08124 , 3.24416
11 , 5.27249 , 3.2584
11 , 5.46374 , 3.27307
11 , 5.65499 , 3.28816
11 , 5.84624 , 3.30366
11 , 6.03749 , 3.31955
11 , 6.22874 , 3.33584
11 , 6.41999 , 3.35251
11 , 6.61124 , 3.36956
11 , 6.80249 , 3.38697
11 , 6.99374 , 3.40474
11 , 7.18499 , 3.42286
11 , 7.37624 , 3.44132
11 , 7.56749 , 3.46012
11 , 7.75874 , 3.47923
11 , 7.94999 , 3.49867
11 , 8.14124 , 3.51842
11 , 8.33249 , 3.53847
11 , 8.52374 , 3.55881
11 , 8.71498 , 3.57944
11 , 8.90623 , 3.60035
11 , 9.09748 , 3.62153
11 , 9.28873 , 3.64298
11 , 9.47998 , 3.66469
11 , 9.67123 , 3.68665
11 , 9.86248 , 3.70886
11 , 10.0537 , 3.73131
11.5 , -9.45375 , 3.72864
11.5 , -9.2625 , 3.70753
11.5 , -9.07125 , 3.68668
11.5 , -8.88 , 3.6661
11.5 , -8.68875 , 3.6458
11.5 , -8.4975 , 3.62578
11.5 , -8.30625 , 3.60604
11.5 , -8.115 , 3.58661
11.5 , -7.92375 , 3.56748
11.5 , -7.7325 , 3.54866
11.5 , -7.54125 , 3.53015
11.5 , -7.35 , 3.51197
11.5 , -7.15875 , 3.49413
11.5 , -6.9675 , 3.47662
11.5 , -6.77625 , 3.45947
11.5 , -6.585 , 3.44266
11.5 , -6.39375 , 3.42623
11.5 , -6.2025 , 3.41016
11.5 , -6.01125 , 3.39447
11.5 , -5.82 , 3.37917
11.5 , -5.62875 , 3.36427
11.5 , -5.4375 , 3.34977
11.5 , -5.24625 , 3.33568
11.5 , -5.055 , 3.322
11.5 , -4.86375 , 3.30876
11.5 , -4.6725 , 3.29595
11.5 , -4.48125 , 3.28358
11.5 , -4.29 , 3.27166
11.5 , -4.09875 , 3.2602
11.5 , -3.90751 , 3.24921
11.5 , -3.71626 , 3.23868
11.5 , -3.52501 , 3.22864
11.5 , -3.33376 , 3.21908
11.5 , -3.14251 , 3.21001
11.5 , -2.95126 , 3.20145
11.5 , -2.76001 , 3.19339
11.5 , -2.56876 , 3.18584
11.5 , -2.37751 , 3.17881
11.5 , -2.18626 , 3.1723
11.5 , -1.99501 , 3.16631
11.5 , -1.80376 , 3.16086
11.5 , -1.61251 , 3.15595
11.5 , -1.42126 , 3.15157
11.5 , -1.23001 , 3.14774
11.5 , -1.03876 , 3.14446
11.5 , -0.847507 , 3.14173
11.5 , -0.656258 , 3.13954
11.5 , -0.465008 , 3.13792
11.5 , -0.273758 , 3.13684
11.5 , -0.0825081 , 3.13632
11.5 , 0.108742 , 3.13636
11.5 , 0.299992 , 3.13696
11.5 , 0.491241 , 3.13811
11.5 , 0.682491 , 3.13981
11.5 , 0.873741 , 3.14207
11.5 , 1.06499 , 3.14488
11.5 , 1.25624 , 3.14824
11.5 , 1.44749 , 3.15214
11.5 , 1.63874 , 3.15659
11.5 , 1.82999 , 3.16158
11.5 , 2.02124 , 3.1671
11.5 , 2.21249 , 3.17316
11.5 , 2.40374 , 3.17974
11.5 , 2.59499 , 3.18684
11.5 , 2.78624 , 3.19446
11.5 , 2.97749 , 3.20259
11.5 , 3.16874 , 3.21123
11.5 , 3.35999 , 3.22036
11.5 , 3.55124 , 3.22999
11.5 , 3.74249 , 3.2401
11.5 , 3.93374 , 3.25069
11.5 , 4.12499 , 3.26175
11.5 , 4.31624 , 3.27327
11.5 , 4.50749 , 3.28525
11.5 , 4.69874 , 3.29768
11.5 , 4.88999 , 3.31055
11.5 , 5.08124 , 3.32385
11.5 , 5.27249 , 3.33758
11.5 , 5.46374 , 3.35173
11.5 , 5.65499 , 3.36629
11.5 , 5.84624 , 3.38125
11.5 , 6.03749 , 3.3966
11.5 , 6.22874 , 3.41234
11.5 , 6.41999 , 3.42846
11.5 , 6.61124 , 3.44495
11.5 , 6.80249 , 3.4618
11.5 , 6.99374 , 3.479
11.5 , 7.18499 , 3.49656
11.5 , 7.37624 , 3.51445
11.5 , 7.56749 , 3.53267
11.5 , 7.75874 , 3.55122
11.5 , 7.94999 , 3.57008
11.5 , 8.14124 , 3.58926
11.5 , 8.33249 , 3.60873
11.5 , 8.52374 , 3.6285
11.5 , 8.71498 , 3.64856
11.5 , 8.90623 , 3.66891
11.5 , 9.09748 , 3.68952
11.5 , 9.28873 , 3.71041
11.5 , 9.47998 , 3.73156
12 , -8.88 , 3.73586
12 , -8.68875 , 3.7161
12 , -8.4975 , 3.69663
12 , -8.30625 , 3.67745
12 , -8.115 , 3.65856
12 , -7.92375 , 3.63997
12 , -7.7325 , 3.6217
12 , -7.54125 , 3.60374
12 , -7.35 , 3.58611
12 , -7.15875 , 3.5688
12 , -6.9675 , 3.55184
12 , -6.77625 , 3.53521
12 , -6.585 , 3.51894
12 , -6.39375 , 3.50303
12 , -6.2025 , 3.48749
12 , -6.01125 , 3.47232
12 , -5.82 , 3.45753
12 , -5.62875 , 3.44313
12 , -5.4375 , 3.42912
12 , -5.24625 , 3.41552
12 , -5.055 , 3.40233
12 , -4.86375 , 3.38955
12 , -4.6725 , 3.3772
12 , -4.48125 , 3.36528
12 , -4.29 , 3.3538
12 , -4.09875 , 3.34277
12 , -3.90751 , 3.33218
12 , -3.71626 , 3.32206
12 , -3.52501 , 3.31239
12 , -3.33376 , 3.3032
12 , -3.14251 , 3.29449
12 , -2.95126 , 3.28626
12 , -2.76001 , 3.27852
12 , -2.56876 , 3.27127
12 , -2.37751 , 3.26451
12 , -2.18626 , 3.25827
12 , -1.99501 , 3.25253
12 , -1.80376 , 3.2473
12 , -1.61251 , 3.24258
12 , -1.42126 , 3.23839
12 , -1.23001 , 3.23472
12 , -1.03876 , 3.23157
12 , -0.847507 , 3.22895
12 , -0.656258 , 3.22686
12 , -0.465008 , 3.22529
12 , -0.273758 , 3.22427
12 , -0.0825081 , 3.22377
12 , 0.108742 , 3.22381
12 , 0.299992 , 3.22438
12 , 0.491241 , 3.22548
12 , 0.682491 , 3.22711
12 , 0.873741 , 3.22928
12 , 1.06499 , 3.23197
12 , 1.25624 , 3.23519
12 , 1.44749 , 3.23893
12 , 1.63874 , 3.2432
12 , 1.82999 , 3.24798
12 , 2.02124 , 3.25328
12 , 2.21249 , 3.25909
12 , 2.40374 , 3.26541
12 , 2.59499 , 3.27223
12 , 2.78624 , 3.27955
12 , 2.97749 , 3.28736
12 , 3.16874 , 3.29566
12 , 3.35999 , 3.30444
12 , 3.55124 , 3.31369
12 , 3.74249 , 3.32342
12 , 3.93374 , 3.33361
12 , 4.12499 , 3.34425
12 , 4.31624 , 3.35535
12 , 4.50749 , 3.36689
12 , 4.69874 , 3.37887
12 , 4.88999 , 3.39128
12 , 5.08124 , 3.40411
12 , 5.27249 , 3.41736
12 , 5.46374 , 3.43102
12 , 5.65499 , 3.44508
12 , 5.84624 , 3.45954
12 , 6.03749 , 3.47438
12 , 6.22874 , 3.4896
12 , 6.41999 , 3.5052
12 , 6.61124 , 3.52116
12 , 6.80249 , 3.53747
12 , 6.99374 , 3.55414
12 , 7.18499 , 3.57116
12 , 7.37624 , 3.58851
12 , 7.56749 , 3.60619
12 , 7.75874 , 3.62419
12 , 7.94999 , 3.64251
12 , 8.14124 , 3.66113
12 , 8.33249 , 3.68006
12 , 8.52374 , 3.69928
12 , 8.71498 , 3.7188
12 , 8.90623 , 3.73859
12.5 , -8.115 , 3.73146
12.5 , -7.92375 , 3.7134
12.5 , -7.7325 , 3.69564
12.5 , -7.54125 , 3.67821
12.5 , -7.35 , 3.66109
12.5 , -7.15875 , 3.6443
12.5 , -6.9675 , 3.62785
12.5 , -6.77625 , 3.61173
12.5 , -6.585 , 3.59597
12.5 , -6.39375 , 3.58055
12.5 , -6.2025 , 3.5655
12.5 , -6.01125 , 3.55082
12.5 , -5.82 , 3.53651
12.5 , -5.62875 , 3.52259
12.5 , -5.4375 , 3.50905
12.5 , -5.24625 , 3.49591
12.5 , -5.055 , 3.48316
12.5 , -4.86375 , 3.47083
12.5 , -4.6725 , 3.45891
12.5 , -4.48125 , 3.44741
12.5 , -4.29 , 3.43633
12.5 , -4.09875 , 3.42569
12.5 , -3.90751 , 3.41549
12.5 , -3.71626 , 3.40574
12.5 , -3.52501 , 3.39643
12.5 , -3.33376 , 3.38758
12.5 , -3.14251 , 3.37919
12.5 , -2.95126 , 3.37127
12.5 , -2.76001 , 3.36382
12.5 , -2.56876 , 3.35685
12.5 , -2.37751 , 3.35036
12.5 , -2.18626 , 3.34435
12.5 , -1.99501 , 3.33883
12.5 , -1.80376 , 3.33381
12.5 , -1.61251 , 3.32928
12.5 , -1.42126 , 3.32525
12.5 , -1.23001 , 3.32172
12.5 , -1.03876 , 3.3187
12.5 , -0.847507 , 3.31618
12.5 , -0.656258 , 3.31418
12.5 , -0.465008 , 3.31268
12.5 , -0.273758 , 3.31169
12.5 , -0.0825081 , 3.31121
12.5 , 0.108742 , 3.31125
12.5 , 0.299992 , 3.3118
12.5 , 0.491241 , 3.31285
12.5 , 0.682491 , 3.31442
12.5 , 0.873741 , 3.3165
12.5 , 1.06499 , 3.31909
12.5 , 1.25624 , 3.32218
12.5 , 1.44749 , 3.32577
12.5 , 1.63874 , 3.32987
12.5 , 1.82999 , 3.33447
12.5 , 2.02124 , 3.33956
12.5 , 2.21249 , 3.34515
12.5 , 2.40374 , 3.35122
12.5 , 2.59499 , 3.35778
12.5 , 2.78624 , 3.36482
12.5 , 2.97749 , 3.37233
12.5 , 3.16874 , 3.38032
12.5 , 3.35999 , 3.38877
12.5 , 3.55124 , 3.39768
12.5 , 3.74249 , 3.40705
12.5 , 3.93374 , 3.41687
12.5 , 4.12499 , 3.42713
12.5 , 4.31624 , 3.43783
12.5 , 4.50749 , 3.44896
12.5 , 4.69874 , 3.46052
12.5 , 4.88999 , 3.4725
12.5 , 5.08124 , 3.48489
12.5 , 5.27249 , 3.49768
12.5 , 5.46374 , 3.51088
12.5 , 5.65499 , 3.52448
12.5 , 5.84624 , 3.53845
12.5 , 6.03749 , 3.55281
12.5 , 6.22874 , 3.56755
12.5 , 6.41999 , 3.58265
12.5 , 6.61124 , 3.59811
12.5 , 6.80249 , 3.61392
12.5 , 6.99374 , 3.63008
12.5 , 7.18499 , 3.64658
12.5 , 7.37624 , 3.66342
12.5 , 7.56749 , 3.68058
12.5 , 7.75874 , 3.69806
12.5 , 7.94999 , 3.71586
12.5 , 8.14124 , 3.73396
13 , -7.35 , 3.73685
13 , -7.15875 , 3.72055
13 , -6.9675 , 3.70458
13 , -6.77625 , 3.68895
13 , -6.585 , 3.67366
13 , -6.39375 , 3.65872
13 , -6.2025 , 3.64414
13 , -6.01125 , 3.62992
13 , -5.82 , 3.61606
13 , -5.62875 , 3.60258
13 , -5.4375 , 3.58948
13 , -5.24625 , 3.57677
13 , -5.055 , 3.56445
13 , -4.86375 , 3.55253
13 , -4.6725 , 3.54101
13 , -4.48125 , 3.5299
13 , -4.29 , 3.51921
13 , -4.09875 , 3.50894
13 , -3.90751 , 3.4991
13 , -3.71626 , 3.48969
13 , -3.52501 , 3.48071
13 , -3.33376 , 3.47218
13 , -3.14251 , 3.4641
13 , -2.95126 , 3.45647
13 , -2.76001 , 3.44929
13 , -2.56876 , 3.44257
13 , -2.37751 , 3.43632
13 , -2.18626 , 3.43054
13 , -1.99501 , 3.42523
13 , -1.80376 , 3.42039
13 , -1.61251 , 3.41604
13 , -1.42126 , 3.41216
13 , -1.23001 , 3.40877
13 , -1.03876 , 3.40586
13 , -0.847507 , 3.40344
13 , -0.656258 , 3.40151
13 , -0.465008 , 3.40007
13 , -0.273758 , 3.39912
13 , -0.0825081 , 3.39866
13 , 0.108742 , 3.39869
13 , 0.299992 , 3.39922
13 , 0.491241 , 3.40024
13 , 0.682491 , 3.40174
13 , 0.873741 , 3.40374
13 , 1.06499 , 3.40623
13 , 1.25624 , 3.4092
13 , 1.44749 , 3.41266
13 , 1.63874 , 3.41661
13 , 1.82999 , 3.42103
13 , 2.02124 , 3.42593
13 , 2.21249 , 3.43131
13 , 2.40374 , 3.43715
13 , 2.59499 , 3.44347
13 , 2.78624 , 3.45025
13 , 2.97749 , 3.45749
13 , 3.16874 , 3.46518
13 , 3.35999 , 3.47333
13 , 3.55124 , 3.48192
13 , 3.74249 , 3.49095
13 , 3.93374 , 3.50042
13 , 4.12499 , 3.51033
13 , 4.31624 , 3.52065
13 , 4.50749 , 3.5314
13 , 4.69874 , 3.54257
13 , 4.88999 , 3.55414
13 , 5.08124 , 3.56612
13 , 5.27249 , 3.57849
13 , 5.46374 , 3.59126
13 , 5.65499 , 3.60441
13 , 5.84624 , 3.61794
13 , 6.03749 , 3.63185
13 , 6.22874 , 3.64612
13 , 6.41999 , 3.66075
13 , 6.61124 , 3.67574
13 , 6.80249 , 3.69107
13 , 6.99374 , 3.70675
13 , 7.18499 , 3.72276
13 , 7.37624 , 3.73911
13.5 , -6.39375 , 3.73748
13.5 , -6.2025 , 3.72333
13.5 , -6.01125 , 3.70955
13.5 , -5.82 , 3.69612
13.5 , -5.62875 , 3.68307
13.5 , -5.4375 , 3.67038
13.5 , -5.24625 , 3.65808
13.5 , -5.055 , 3.64615
13.5 , -4.86375 , 3.63462
13.5 , -4.6725 , 3.62348
13.5 , -4.48125 , 3.61274
13.5 , -4.29 , 3.60241
13.5 , -4.09875 , 3.59248
13.5 , -3.90751 , 3.58297
13.5 , -3.71626 , 3.57388
13.5 , -3.52501 , 3.56522
13.5 , -3.33376 , 3.55698
13.5 , -3.14251 , 3.54918
13.5 , -2.95126 , 3.54182
13.5 , -2.76001 , 3.5349
13.5 , -2.56876 , 3.52842
13.5 , -2.37751 , 3.52239
13.5 , -2.18626 , 3.51682
13.5 , -1.99501 , 3.5117
13.5 , -1.80376 , 3.50704
13.5 , -1.61251 , 3.50284
13.5 , -1.42126 , 3.49911
13.5 , -1.23001 , 3.49584
13.5 , -1.03876 , 3.49304
13.5 , -0.847507 , 3.49071
13.5 , -0.656258 , 3.48885
13.5 , -0.465008 , 3.48746
13.5 , -0.273758 , 3.48654
13.5 , -0.0825081 , 3.4861
13.5 , 0.108742 , 3.48614
13.5 , 0.299992 , 3.48664
13.5 , 0.491241 , 3.48762
13.5 , 0.682491 , 3.48907
13.5 , 0.873741 , 3.491
13.5 , 1.06499 , 3.49339
13.5 , 1.25624 , 3.49626
13.5 , 1.44749 , 3.49959
13.5 , 1.63874 , 3.50339
13.5 , 1.82999 , 3.50765
13.5 , 2.02124 , 3.51238
13.5 , 2.21249 , 3.51756
13.5 , 2.40374 , 3.52319
13.5 , 2.59499 , 3.52928
13.5 , 2.78624 , 3.53582
13.5 , 2.97749 , 3.5428
13.5 , 3.16874 , 3.55023
13.5 , 3.35999 , 3.55809
13.5 , 3.55124 , 3.56638
13.5 , 3.74249 , 3.57511
13.5 , 3.93374 , 3.58425
13.5 , 4.12499 , 3.59382
13.5 , 4.31624 , 3.6038
13.5 , 4.50749 , 3.61419
13.5 , 4.69874 , 3.62498
13.5 , 4.88999 , 3.63618
13.5 , 5.08124 , 3.64776
13.5 , 5.27249 , 3.65974
13.5 , 5.46374 , 3.6721
13.5 , 5.65499 , 3.68484
13.5 , 5.84624 , 3.69794
13.5 , 6.03749 , 3.71142
13.5 , 6.22874 , 3.72525
13.5 , 6.41999 , 3.73944
14 , -5.24625 , 3.73978
14 , -5.055 , 3.72823
14 , -4.86375 , 3.71706
14 , -4.6725 , 3.70627
14 , -4.48125 , 3.69588
14 , -4.29 , 3.68588
14 , -4.09875 , 3.67628
14 , -3.90751 , 3.66709
14 , -3.71626 , 3.6583
14 , -3.52501 , 3.64993
14 , -3.33376 , 3.64197
14 , -3.14251 , 3.63443
14 , -2.95126 , 3.62732
14 , -2.76001 , 3.62063
14 , -2.56876 , 3.61438
14 , -2.37751 , 3.60856
14 , -2.18626 , 3.60318
14 , -1.99501 , 3.59824
14 , -1.80376 , 3.59374
14 , -1.61251 , 3.58969
14 , -1.42126 , 3.58609
14 , -1.23001 , 3.58294
14 , -1.03876 , 3.58024
14 , -0.847507 , 3.57799
14 , -0.656258 , 3.57619
14 , -0.465008 , 3.57486
14 , -0.273758 , 3.57397
14 , -0.0825081 , 3.57355
14 , 0.108742 , 3.57358
14 , 0.299992 , 3.57407
14 , 0.491241 , 3.57501
14 , 0.682491 , 3.57641
14 , 0.873741 , 3.57827
14 , 1.06499 , 3.58058
14 , 1.25624 , 3.58334
14 , 1.44749 , 3.58656
14 , 1.63874 , 3.59022
14 , 1.82999 , 3.59433
14 , 2.02124 , 3.59889
14 , 2.21249 , 3.60389
14 , 2.40374 , 3.60933
14 , 2.59499 , 3.61521
14 , 2.78624 , 3.62153
14 , 2.97749 , 3.62827
14 , 3.16874 , 3.63544
14 , 3.35999 , 3.64303
14 , 3.55124 , 3.65105
14 , 3.74249 , 3.65948
14 , 3.93374 , 3.66833
14 , 4.12499 , 3.67758
14 , 4.31624 , 3.68723
14 , 4.50749 , 3.69728
14 , 4.69874 , 3.70773
14 , 4.88999 , 3.71857
14 , 5.08124 , 3.72979
14 , 5.27249 , 3.74139
14.5 , -3.71626 , 3.74292
14.5 , -3.52501 , 3.73481
14.5 , -3.33376 , 3.72712
14.5 , -3.14251 , 3.71983
14.5 , -2.95126 , 3.71295
14.5 , -2.76001 , 3.70648
14.5 , -2.56876 , 3.70044
14.5 , -2.37751 , 3.69482
14.5 , -2.18626 , 3.68962
14.5 , -1.99501 , 3.68484
14.5 , -1.80376 , 3.6805
14.5 , -1.61251 , 3.67659
14.5 , -1.42126 , 3.67311
14.5 , -1.23001 , 3.67006
14.5 , -1.03876 , 3.66745
14.5 , -0.847507 , 3.66528
14.5 , -0.656258 , 3.66355
14.5 , -0.465008 , 3.66226
14.5 , -0.273758 , 3.6614
14.5 , -0.0825081 , 3.66099
14.5 , 0.108742 , 3.66102
14.5 , 0.299992 , 3.6615
14.5 , 0.491241 , 3.66241
14.5 , 0.682491 , 3.66376
14.5 , 0.873741 , 3.66555
14.5 , 1.06499 , 3.66778
14.5 , 1.25624 , 3.67045
14.5 , 1.44749 , 3.67356
14.5 , 1.63874 , 3.6771
14.5 , 1.82999 , 3.68107
14.5 , 2.02124 , 3.68547
14.5 , 2.21249 , 3.6903
14.5 , 2.40374 , 3.69556
14.5 , 2.59499 , 3.70124
14.5 , 2.78624 , 3.70735
14.5 , 2.97749 , 3.71387
14.5 , 3.16874 , 3.7208
14.5 , 3.35999 , 3.72815
14.5 , 3.55124 , 3.7359
14.5 , 3.74249 , 3.74406
